timestamp,mid,manual_ma,strategy_ma,diff
2025-11-16 02:38:55.058231,140.215,140.215,140.215,0.0
2025-11-16 02:38:55.058241,140.215,140.215,140.215,0.0
2025-11-16 02:38:55.058243,140.215,140.215,140.215,0.0
2025-11-16 02:38:55.058244,140.215,140.215,140.215,0.0
2025-11-16 02:38:55.058245,140.235,140.219,140.219,0.0
2025-11-16 02:38:55.058246,140.235,140.221667,140.221667,0.0
2025-11-16 02:38:55.058247,140.235,140.223571,140.223571,0.0
2025-11-16 02:38:55.058248,140.235,140.225,140.225,0.0
2025-11-16 02:38:55.058250,140.235,140.226111,140.226111,0.0
2025-11-16 02:38:55.058251,140.235,140.227,140.227,0.0
2025-11-16 02:38:55.058252,140.235,140.227727,140.227727,0.0
2025-11-16 02:38:55.058253,140.235,140.228333,140.228333,0.0
2025-11-16 02:38:55.116010,140.235,140.228846,140.228846,0.0
2025-11-16 02:38:55.214476,140.235,140.229286,140.229286,0.0
2025-11-16 02:38:55.414781,140.235,140.229667,140.229667,0.0
2025-11-16 02:38:55.713860,140.235,140.23,140.23,0.0
2025-11-16 02:38:55.814197,140.235,140.230294,140.230294,0.0
2025-11-16 02:38:56.114034,140.235,140.230556,140.230556,0.0
2025-11-16 02:38:56.414075,140.235,140.230789,140.230789,0.0
2025-11-16 02:38:56.613775,140.235,140.231,140.231,0.0
2025-11-16 02:38:56.714453,140.235,140.23119,140.23119,0.0
2025-11-16 02:38:56.814262,140.235,140.231364,140.231364,0.0
2025-11-16 02:38:56.915997,140.235,140.231522,140.231522,0.0
2025-11-16 02:38:57.015007,140.235,140.231667,140.231667,0.0
2025-11-16 02:38:57.214524,140.235,140.2318,140.2318,0.0
2025-11-16 02:38:57.616854,140.235,140.231923,140.231923,0.0
2025-11-16 02:38:57.814285,140.235,140.232037,140.232037,0.0
2025-11-16 02:38:57.914151,140.235,140.232143,140.232143,0.0
2025-11-16 02:38:58.012822,140.245,140.232586,140.232586,0.0
2025-11-16 02:38:58.115009,140.245,140.233,140.233,0.0
2025-11-16 02:38:58.216244,140.245,140.233387,140.233387,0.0
2025-11-16 02:38:58.314758,140.245,140.23375,140.23375,0.0
2025-11-16 02:38:58.414141,140.245,140.234091,140.234091,0.0
2025-11-16 02:38:58.513960,140.245,140.234412,140.234412,0.0
2025-11-16 02:38:58.614815,140.245,140.234714,140.234714,0.0
2025-11-16 02:38:58.714236,140.245,140.235,140.235,0.0
2025-11-16 02:38:58.814119,140.245,140.23527,140.23527,0.0
2025-11-16 02:38:58.914011,140.245,140.235526,140.235526,0.0
2025-11-16 02:38:59.114211,140.245,140.235769,140.235769,0.0
2025-11-16 02:38:59.214949,140.245,140.236,140.236,0.0
2025-11-16 02:38:59.315880,140.245,140.23622,140.23622,0.0
2025-11-16 02:38:59.414099,140.245,140.236429,140.236429,0.0
2025-11-16 02:38:59.614225,140.245,140.236628,140.236628,0.0
2025-11-16 02:38:59.813533,140.245,140.236818,140.236818,0.0
2025-11-16 02:38:59.914252,140.245,140.237,140.237,0.0
2025-11-16 02:39:00.015650,140.245,140.237174,140.237174,0.0
2025-11-16 02:39:00.126473,140.245,140.23734,140.23734,0.0
2025-11-16 02:39:00.213542,140.245,140.2375,140.2375,0.0
2025-11-16 02:39:00.316135,140.245,140.237653,140.237653,0.0
2025-11-16 02:39:00.414202,140.245,140.2378,140.2378,0.0
2025-11-16 02:39:00.614775,140.245,140.237941,140.237941,0.0
2025-11-16 02:39:00.714241,140.245,140.238077,140.238077,0.0
2025-11-16 02:39:00.914427,140.245,140.238208,140.238208,0.0
2025-11-16 02:39:01.014403,140.245,140.238333,140.238333,0.0
2025-11-16 02:39:01.114198,140.245,140.238455,140.238455,0.0
2025-11-16 02:39:01.214635,140.245,140.238571,140.238571,-0.0
2025-11-16 02:39:01.314315,140.245,140.238684,140.238684,0.0
2025-11-16 02:39:01.414257,140.245,140.238793,140.238793,0.0
2025-11-16 02:39:01.714251,140.245,140.238898,140.238898,-0.0
2025-11-16 02:39:01.814555,140.245,140.239,140.239,-0.0
2025-11-16 02:39:02.116557,140.245,140.239098,140.239098,-0.0
2025-11-16 02:39:02.214049,140.245,140.239194,140.239194,-0.0
2025-11-16 02:39:02.314112,140.245,140.239286,140.239286,-0.0
2025-11-16 02:39:02.415118,140.245,140.239375,140.239375,0.0
2025-11-16 02:39:02.614641,140.245,140.239462,140.239462,0.0
2025-11-16 02:39:02.714319,140.245,140.239545,140.239545,0.0
2025-11-16 02:39:02.814460,140.245,140.239627,140.239627,0.0
2025-11-16 02:39:02.914696,140.245,140.239706,140.239706,0.0
2025-11-16 02:39:03.013952,140.245,140.239783,140.239783,0.0
2025-11-16 02:39:03.114302,140.245,140.239857,140.239857,0.0
2025-11-16 02:39:03.217903,140.245,140.23993,140.23993,0.0
2025-11-16 02:39:03.314711,140.245,140.24,140.24,0.0
2025-11-16 02:39:03.414230,140.245,140.240068,140.240068,0.0
2025-11-16 02:39:03.515845,140.245,140.240135,140.240135,0.0
2025-11-16 02:39:03.614557,140.245,140.2402,140.2402,0.0
2025-11-16 02:39:03.714309,140.245,140.240263,140.240263,0.0
2025-11-16 02:39:03.814076,140.245,140.240325,140.240325,0.0
2025-11-16 02:39:03.914964,140.245,140.240385,140.240385,0.0
2025-11-16 02:39:04.014823,140.245,140.240443,140.240443,0.0
2025-11-16 02:39:04.217076,140.245,140.2405,140.2405,0.0
2025-11-16 02:39:04.315212,140.245,140.240556,140.240556,0.0
2025-11-16 02:39:04.414308,140.245,140.24061,140.24061,0.0
2025-11-16 02:39:04.513952,140.245,140.240663,140.240663,0.0
2025-11-16 02:39:04.613992,140.245,140.240714,140.240714,0.0
2025-11-16 02:39:04.714917,140.245,140.240765,140.240765,0.0
2025-11-16 02:39:04.814259,140.235,140.240698,140.240698,0.0
2025-11-16 02:39:04.914428,140.225,140.240517,140.240517,0.0
2025-11-16 02:39:05.014175,140.225,140.240341,140.240341,0.0
2025-11-16 02:39:05.114481,140.225,140.240169,140.240169,0.0
2025-11-16 02:39:05.214679,140.225,140.24,140.24,0.0
2025-11-16 02:39:05.314276,140.225,140.239835,140.239835,0.0
2025-11-16 02:39:05.418771,140.225,140.239674,140.239674,0.0
2025-11-16 02:39:05.714928,140.225,140.239516,140.239516,0.0
2025-11-16 02:39:05.813832,140.225,140.239362,140.239362,0.0
2025-11-16 02:39:05.914270,140.225,140.239211,140.239211,0.0
2025-11-16 02:39:06.014187,140.225,140.239062,140.239063,0.0
2025-11-16 02:39:06.114688,140.225,140.238918,140.238918,0.0
2025-11-16 02:39:06.314615,140.225,140.238776,140.238776,0.0
2025-11-16 02:39:06.416383,140.225,140.238636,140.238636,0.0
2025-11-16 02:39:06.614461,140.225,140.2385,140.2385,0.0
2025-11-16 02:39:06.714201,140.205,140.238168,140.238168,0.0
2025-11-16 02:39:06.814758,140.205,140.237843,140.237843,0.0
2025-11-16 02:39:06.914247,140.195,140.237427,140.237427,0.0
2025-11-16 02:39:07.014890,140.195,140.237019,140.237019,0.0
2025-11-16 02:39:07.114285,140.195,140.236619,140.236619,0.0
2025-11-16 02:39:07.214249,140.195,140.236226,140.236226,0.0
2025-11-16 02:39:07.413983,140.195,140.235841,140.235841,0.0
2025-11-16 02:39:07.714629,140.195,140.235463,140.235463,0.0
2025-11-16 02:39:07.814199,140.195,140.235092,140.235092,0.0
2025-11-16 02:39:07.914713,140.195,140.234727,140.234727,0.0
2025-11-16 02:39:08.013962,140.195,140.234369,140.234369,0.0
2025-11-16 02:39:08.114635,140.195,140.234018,140.234018,0.0
2025-11-16 02:39:08.214559,140.195,140.233673,140.233673,0.0
2025-11-16 02:39:08.416410,140.195,140.233333,140.233333,0.0
2025-11-16 02:39:08.514181,140.195,140.233,140.233,0.0
2025-11-16 02:39:08.614134,140.195,140.232672,140.232672,0.0
2025-11-16 02:39:08.714386,140.185,140.232265,140.232265,0.0
2025-11-16 02:39:08.814440,140.175,140.23178,140.23178,0.0
2025-11-16 02:39:08.914069,140.175,140.231303,140.231303,0.0
2025-11-16 02:39:09.014045,140.175,140.230833,140.230833,0.0
2025-11-16 02:39:09.114494,140.175,140.230372,140.230372,0.0
2025-11-16 02:39:09.214602,140.175,140.229918,140.229918,0.0
2025-11-16 02:39:09.314352,140.175,140.229472,140.229472,0.0
2025-11-16 02:39:09.516067,140.175,140.229032,140.229032,0.0
2025-11-16 02:39:09.614272,140.175,140.2286,140.2286,0.0
2025-11-16 02:39:09.714119,140.175,140.228175,140.228175,0.0
2025-11-16 02:39:09.814670,140.175,140.227756,140.227756,0.0
2025-11-16 02:39:09.918667,140.175,140.227344,140.227344,0.0
2025-11-16 02:39:10.014208,140.175,140.226938,140.226938,0.0
2025-11-16 02:39:10.114856,140.175,140.226538,140.226538,0.0
2025-11-16 02:39:10.214834,140.175,140.226145,140.226145,0.0
2025-11-16 02:39:10.314727,140.175,140.225758,140.225758,0.0
2025-11-16 02:39:10.414299,140.175,140.225376,140.225376,0.0
2025-11-16 02:39:10.515500,140.175,140.225,140.225,0.0
2025-11-16 02:39:10.716969,140.175,140.22463,140.22463,0.0
2025-11-16 02:39:10.814975,140.175,140.224265,140.224265,0.0
2025-11-16 02:39:10.914735,140.175,140.223905,140.223905,0.0
2025-11-16 02:39:11.115068,140.175,140.223551,140.223551,0.0
2025-11-16 02:39:11.314289,140.175,140.223201,140.223201,0.0
2025-11-16 02:39:11.414350,140.175,140.222857,140.222857,0.0
2025-11-16 02:39:11.515313,140.175,140.222518,140.222518,0.0
2025-11-16 02:39:11.815827,140.175,140.222183,140.222183,0.0
2025-11-16 02:39:11.914477,140.175,140.221853,140.221853,0.0
2025-11-16 02:39:12.016682,140.175,140.221528,140.221528,0.0
2025-11-16 02:39:12.113302,140.175,140.221207,140.221207,0.0
2025-11-16 02:39:12.216476,140.175,140.22089,140.22089,0.0
2025-11-16 02:39:12.314138,140.175,140.220578,140.220578,0.0
2025-11-16 02:39:12.514982,140.175,140.22027,140.22027,0.0
2025-11-16 02:39:12.614250,140.175,140.219966,140.219966,0.0
2025-11-16 02:39:12.914294,140.175,140.219667,140.219667,0.0
2025-11-16 02:39:13.014122,140.175,140.219371,140.219371,0.0
2025-11-16 02:39:13.114333,140.175,140.219079,140.219079,-0.0
2025-11-16 02:39:13.214307,140.175,140.218791,140.218791,-0.0
2025-11-16 02:39:13.413588,140.185,140.218571,140.218571,0.0
2025-11-16 02:39:13.516129,140.215,140.218548,140.218548,-0.0
2025-11-16 02:39:13.614243,140.225,140.21859,140.21859,-0.0
2025-11-16 02:39:13.714469,140.225,140.218631,140.218631,-0.0
2025-11-16 02:39:13.815174,140.225,140.218671,140.218671,-0.0
2025-11-16 02:39:14.018971,140.225,140.218711,140.218711,-0.0
2025-11-16 02:39:14.114145,140.225,140.21875,140.21875,-0.0
2025-11-16 02:39:14.214806,140.225,140.218789,140.218789,-0.0
2025-11-16 02:39:14.314671,140.225,140.218827,140.218827,-0.0
2025-11-16 02:39:14.413875,140.225,140.218865,140.218865,-0.0
2025-11-16 02:39:14.514842,140.225,140.218902,140.218902,-0.0
2025-11-16 02:39:14.714248,140.225,140.218939,140.218939,-0.0
2025-11-16 02:39:14.815520,140.225,140.218976,140.218976,-0.0
2025-11-16 02:39:14.914782,140.225,140.219012,140.219012,-0.0
2025-11-16 02:39:15.015032,140.225,140.219048,140.219048,-0.0
2025-11-16 02:39:15.115099,140.225,140.219083,140.219083,-0.0
2025-11-16 02:39:15.215578,140.225,140.219118,140.219118,-0.0
2025-11-16 02:39:15.314586,140.225,140.219152,140.219152,-0.0
2025-11-16 02:39:15.414259,140.215,140.219128,140.219128,-0.0
2025-11-16 02:39:15.514560,140.215,140.219104,140.219104,-0.0
2025-11-16 02:39:15.614264,140.215,140.21908,140.21908,-0.0
2025-11-16 02:39:15.716000,140.215,140.219057,140.219057,-0.0
2025-11-16 02:39:15.814780,140.215,140.219034,140.219034,-0.0
2025-11-16 02:39:15.914573,140.215,140.219011,140.219011,-0.0
2025-11-16 02:39:16.114245,140.215,140.218989,140.218989,-0.0
2025-11-16 02:39:16.214821,140.215,140.218966,140.218966,-0.0
2025-11-16 02:39:16.316684,140.215,140.218944,140.218944,-0.0
2025-11-16 02:39:16.414069,140.215,140.218923,140.218923,-0.0
2025-11-16 02:39:16.514550,140.215,140.218901,140.218901,-0.0
2025-11-16 02:39:16.619006,140.215,140.21888,140.21888,-0.0
2025-11-16 02:39:16.915107,140.215,140.218859,140.218859,-0.0
2025-11-16 02:39:17.014616,140.215,140.218838,140.218838,-0.0
2025-11-16 02:39:17.114659,140.215,140.218817,140.218817,-0.0
2025-11-16 02:39:17.220326,140.215,140.218797,140.218797,-0.0
2025-11-16 02:39:17.414566,140.215,140.218777,140.218777,-0.0
2025-11-16 02:39:17.516739,140.215,140.218757,140.218757,-0.0
2025-11-16 02:39:17.614466,140.215,140.218737,140.218737,-0.0
2025-11-16 02:39:17.714605,140.215,140.218717,140.218717,-0.0
2025-11-16 02:39:17.915019,140.215,140.218698,140.218698,-0.0
2025-11-16 02:39:18.017630,140.215,140.218679,140.218679,-0.0
2025-11-16 02:39:18.214503,140.215,140.21866,140.21866,-0.0
2025-11-16 02:39:18.313936,140.215,140.218641,140.218641,-0.0
2025-11-16 02:39:18.614663,140.215,140.218622,140.218622,-0.0
2025-11-16 02:39:18.714672,140.215,140.218604,140.218604,-0.0
2025-11-16 02:39:18.814841,140.215,140.218586,140.218586,-0.0
2025-11-16 02:39:19.014542,140.215,140.218568,140.218568,-0.0
2025-11-16 02:39:19.114915,140.215,140.21855,140.21855,-0.0
2025-11-16 02:39:19.216863,140.215,140.218532,140.218532,-0.0
2025-11-16 02:39:19.514595,140.215,140.218515,140.218515,-0.0
2025-11-16 02:39:19.614591,140.215,140.218498,140.218498,-0.0
2025-11-16 02:39:19.714273,140.215,140.21848,140.21848,-0.0
2025-11-16 02:39:19.814814,140.215,140.218463,140.218463,-0.0
2025-11-16 02:39:19.914505,140.215,140.218447,140.218447,-0.0
2025-11-16 02:39:20.016062,140.215,140.21843,140.21843,-0.0
2025-11-16 02:39:20.115050,140.215,140.218413,140.218413,-0.0
2025-11-16 02:39:20.314360,140.215,140.218397,140.218397,-0.0
2025-11-16 02:39:20.414550,140.215,140.218381,140.218381,-0.0
2025-11-16 02:39:20.514670,140.215,140.218365,140.218365,-0.0
2025-11-16 02:39:20.614126,140.215,140.218349,140.218349,-0.0
2025-11-16 02:39:20.714089,140.215,140.218333,140.218333,-0.0
2025-11-16 02:39:20.814344,140.235,140.218411,140.218411,-0.0
2025-11-16 02:39:20.914112,140.235,140.218488,140.218488,-0.0
2025-11-16 02:39:21.024826,140.235,140.218565,140.218565,-0.0
2025-11-16 02:39:21.114349,140.235,140.218641,140.218641,-0.0
2025-11-16 02:39:21.214924,140.235,140.218716,140.218716,-0.0
2025-11-16 02:39:21.314184,140.235,140.21879,140.21879,-0.0
2025-11-16 02:39:21.414592,140.235,140.218864,140.218864,-0.0
2025-11-16 02:39:21.514892,140.235,140.218937,140.218937,-0.0
2025-11-16 02:39:21.614570,140.225,140.218964,140.218964,-0.0
2025-11-16 02:39:21.716988,140.215,140.218946,140.218946,-0.0
2025-11-16 02:39:21.814568,140.215,140.218929,140.218929,-0.0
2025-11-16 02:39:21.914430,140.215,140.218911,140.218911,-0.0
2025-11-16 02:39:22.014567,140.215,140.218894,140.218894,-0.0
2025-11-16 02:39:22.114352,140.215,140.218877,140.218877,-0.0
2025-11-16 02:39:22.214563,140.215,140.21886,140.21886,-0.0
2025-11-16 02:39:22.414237,140.215,140.218843,140.218843,-0.0
2025-11-16 02:39:22.514591,140.215,140.218826,140.218826,-0.0
2025-11-16 02:39:22.616047,140.215,140.21881,140.21881,-0.0
2025-11-16 02:39:22.914098,140.215,140.218793,140.218793,-0.0
2025-11-16 02:39:23.014428,140.215,140.218777,140.218777,-0.0
2025-11-16 02:39:23.114702,140.215,140.218761,140.218761,-0.0
2025-11-16 02:39:23.217242,140.215,140.218745,140.218745,-0.0
2025-11-16 02:39:23.314285,140.215,140.218729,140.218729,-0.0
2025-11-16 02:39:23.514685,140.215,140.218713,140.218713,-0.0
2025-11-16 02:39:23.614309,140.215,140.218697,140.218697,-0.0
2025-11-16 02:39:23.715007,140.215,140.218682,140.218682,-0.0
2025-11-16 02:39:23.914277,140.215,140.218667,140.218667,-0.0
2025-11-16 02:39:24.015282,140.215,140.218651,140.218651,-0.0
2025-11-16 02:39:24.114254,140.215,140.218636,140.218636,-0.0
2025-11-16 02:39:24.214639,140.215,140.218621,140.218621,-0.0
2025-11-16 02:39:24.314796,140.215,140.218607,140.218607,-0.0
2025-11-16 02:39:24.614505,140.215,140.218592,140.218592,-0.0
2025-11-16 02:39:24.815568,140.215,140.218577,140.218577,-0.0
2025-11-16 02:39:24.914945,140.215,140.218563,140.218563,-0.0
2025-11-16 02:39:25.014411,140.215,140.218548,140.218548,-0.0
2025-11-16 02:39:25.214748,140.215,140.218534,140.218534,-0.0
2025-11-16 02:39:25.415906,140.215,140.21852,140.21852,-0.0
2025-11-16 02:39:25.514551,140.215,140.218506,140.218506,-0.0
2025-11-16 02:39:25.614601,140.215,140.218492,140.218492,-0.0
2025-11-16 02:39:25.714975,140.215,140.218478,140.218478,-0.0
2025-11-16 02:39:25.814735,140.215,140.218465,140.218465,-0.0
2025-11-16 02:39:25.915197,140.215,140.218451,140.218451,-0.0
2025-11-16 02:39:26.014767,140.215,140.218438,140.218437,-0.0
2025-11-16 02:39:26.114509,140.205,140.218385,140.218385,-0.0
2025-11-16 02:39:26.214974,140.205,140.218333,140.218333,-0.0
2025-11-16 02:39:26.313937,140.205,140.218282,140.218282,-0.0
2025-11-16 02:39:26.414186,140.205,140.218231,140.218231,-0.0
2025-11-16 02:39:26.614434,140.205,140.21818,140.21818,-0.0
2025-11-16 02:39:26.714802,140.205,140.21813,140.21813,-0.0
2025-11-16 02:39:26.814169,140.205,140.21808,140.21808,-0.0
2025-11-16 02:39:26.915428,140.205,140.21803,140.21803,-0.0
2025-11-16 02:39:27.214592,140.205,140.217981,140.217981,-0.0
2025-11-16 02:39:27.314065,140.205,140.217932,140.217932,-0.0
2025-11-16 02:39:27.617191,140.205,140.217884,140.217884,-0.0
2025-11-16 02:39:27.916017,140.205,140.217836,140.217836,-0.0
2025-11-16 02:39:28.114262,140.205,140.217788,140.217788,-0.0
2025-11-16 02:39:28.214398,140.205,140.217741,140.217741,-0.0
2025-11-16 02:39:28.314903,140.205,140.217694,140.217694,-0.0
2025-11-16 02:39:28.414533,140.205,140.217647,140.217647,-0.0
2025-11-16 02:39:28.514797,140.205,140.217601,140.217601,-0.0
2025-11-16 02:39:28.616768,140.205,140.217555,140.217555,-0.0
2025-11-16 02:39:28.814845,140.205,140.217509,140.217509,-0.0
2025-11-16 02:39:28.915280,140.205,140.217464,140.217464,-0.0
2025-11-16 02:39:29.014765,140.205,140.217419,140.217419,-0.0
2025-11-16 02:39:29.118166,140.205,140.217374,140.217374,-0.0
2025-11-16 02:39:29.215145,140.205,140.21733,140.21733,-0.0
2025-11-16 02:39:29.414277,140.205,140.217286,140.217286,-0.0
2025-11-16 02:39:29.514465,140.205,140.217242,140.217242,-0.0
2025-11-16 02:39:29.714734,140.205,140.217199,140.217199,-0.0
2025-11-16 02:39:29.815128,140.205,140.217155,140.217155,-0.0
2025-11-16 02:39:30.315648,140.205,140.217113,140.217113,-0.0
2025-11-16 02:39:30.414819,140.205,140.21707,140.21707,-0.0
2025-11-16 02:39:30.514545,140.205,140.217028,140.217028,-0.0
2025-11-16 02:39:30.714856,140.205,140.216986,140.216986,-0.0
2025-11-16 02:39:30.914774,140.205,140.216944,140.216944,-0.0
2025-11-16 02:39:31.017128,140.205,140.216903,140.216903,-0.0
2025-11-16 02:39:31.114457,140.205,140.216862,140.216862,-0.0
2025-11-16 02:39:31.214840,140.205,140.216821,140.216821,-0.0
2025-11-16 02:39:31.314494,140.205,140.216781,140.216781,-0.0
2025-11-16 02:39:31.714488,140.205,140.216741,140.216741,-0.0
2025-11-16 02:39:32.114738,140.205,140.216701,140.216701,-0.0
2025-11-16 02:39:32.215244,140.205,140.216661,140.216661,-0.0
2025-11-16 02:39:32.314216,140.205,140.216622,140.216622,-0.0
2025-11-16 02:39:32.514899,140.205,140.216582,140.216582,-0.0
2025-11-16 02:39:32.614397,140.205,140.216544,140.216544,-0.0
2025-11-16 02:39:32.714407,140.205,140.216505,140.216505,-0.0
2025-11-16 02:39:33.014267,140.205,140.216467,140.216467,-0.0
2025-11-16 02:39:33.214794,140.205,140.216429,140.216429,-0.0
2025-11-16 02:39:33.417318,140.205,140.216391,140.216391,-0.0
2025-11-16 02:39:33.514252,140.205,140.216353,140.216353,-0.0
2025-11-16 02:39:33.916421,140.205,140.216316,140.216316,-0.0
2025-11-16 02:39:34.115038,140.205,140.216279,140.216279,0.0
2025-11-16 02:39:34.216443,140.205,140.216242,140.216242,0.0
2025-11-16 02:39:34.416270,140.205,140.216205,140.216205,-0.0
2025-11-16 02:39:34.514832,140.205,140.216169,140.216169,-0.0
2025-11-16 02:39:34.614211,140.205,140.216133,140.216133,0.0
2025-11-16 02:39:34.715564,140.205,140.216097,140.216097,0.0
2025-11-16 02:39:35.114136,140.205,140.216061,140.216061,0.0
2025-11-16 02:39:35.614463,140.205,140.216026,140.216026,0.0
2025-11-16 02:39:35.814675,140.205,140.21599,140.21599,0.0
2025-11-16 02:39:35.914302,140.205,140.215955,140.215955,0.0
2025-11-16 02:39:36.017203,140.205,140.215921,140.215921,0.0
2025-11-16 02:39:36.114202,140.205,140.215886,140.215886,0.0
2025-11-16 02:39:36.314519,140.205,140.215852,140.215852,0.0
2025-11-16 02:39:36.614940,140.205,140.215818,140.215818,0.0
2025-11-16 02:39:36.715636,140.205,140.215784,140.215784,0.0
2025-11-16 02:39:37.114524,140.205,140.21575,140.21575,0.0
2025-11-16 02:39:37.215178,140.205,140.215717,140.215717,0.0
2025-11-16 02:39:37.314165,140.205,140.215683,140.215683,0.0
2025-11-16 02:39:37.514847,140.205,140.21565,140.21565,0.0
2025-11-16 02:39:37.616250,140.185,140.215556,140.215556,0.0
2025-11-16 02:39:37.715084,140.185,140.215462,140.215462,0.0
2025-11-16 02:39:37.814902,140.185,140.215368,140.215368,0.0
2025-11-16 02:39:38.014732,140.185,140.215275,140.215275,0.0
2025-11-16 02:39:38.114976,140.185,140.215183,140.215183,0.0
2025-11-16 02:39:38.215396,140.185,140.215091,140.215091,0.0
2025-11-16 02:39:38.414297,140.185,140.215,140.215,0.0
2025-11-16 02:39:38.517487,140.185,140.214909,140.214909,0.0
2025-11-16 02:39:38.614958,140.185,140.214819,140.214819,0.0
2025-11-16 02:39:38.714530,140.185,140.21473,140.21473,0.0
2025-11-16 02:39:38.814647,140.185,140.214641,140.214641,0.0
2025-11-16 02:39:39.014224,140.185,140.214552,140.214552,0.0
2025-11-16 02:39:39.114600,140.185,140.214464,140.214464,0.0
2025-11-16 02:39:39.214134,140.185,140.214377,140.214377,0.0
2025-11-16 02:39:39.314531,140.185,140.21429,140.21429,0.0
2025-11-16 02:39:39.414411,140.185,140.214204,140.214204,-0.0
2025-11-16 02:39:39.615224,140.185,140.214118,140.214118,-0.0
2025-11-16 02:39:39.714272,140.185,140.214032,140.214032,0.0
2025-11-16 02:39:39.915052,140.185,140.213947,140.213947,-0.0
2025-11-16 02:39:40.114703,140.185,140.213863,140.213863,-0.0
2025-11-16 02:39:40.215053,140.185,140.213779,140.213779,-0.0
2025-11-16 02:39:40.414619,140.185,140.213696,140.213696,-0.0
2025-11-16 02:39:40.714846,140.185,140.213613,140.213613,-0.0
2025-11-16 02:39:40.814590,140.185,140.21353,140.21353,-0.0
2025-11-16 02:39:40.914652,140.185,140.213448,140.213448,-0.0
2025-11-16 02:39:41.016338,140.185,140.213367,140.213367,-0.0
2025-11-16 02:39:41.114447,140.185,140.213286,140.213286,-0.0
2025-11-16 02:39:41.214909,140.185,140.213205,140.213205,-0.0
2025-11-16 02:39:41.314614,140.185,140.213125,140.213125,-0.0
2025-11-16 02:39:41.414648,140.185,140.213045,140.213045,-0.0
2025-11-16 02:39:41.616626,140.185,140.212966,140.212966,-0.0
2025-11-16 02:39:41.714884,140.185,140.212887,140.212887,-0.0
2025-11-16 02:39:42.014454,140.185,140.212809,140.212809,-0.0
2025-11-16 02:39:42.115598,140.185,140.212731,140.212731,-0.0
2025-11-16 02:39:42.214558,140.185,140.212654,140.212654,-0.0
2025-11-16 02:39:42.314756,140.195,140.212604,140.212604,-0.0
2025-11-16 02:39:42.414671,140.195,140.212556,140.212556,-0.0
2025-11-16 02:39:42.516976,140.195,140.212507,140.212507,-0.0
2025-11-16 02:39:42.614911,140.195,140.212459,140.212459,-0.0
2025-11-16 02:39:42.714629,140.195,140.21241,140.21241,-0.0
2025-11-16 02:39:42.914758,140.195,140.212363,140.212363,-0.0
2025-11-16 02:39:43.014440,140.195,140.212315,140.212315,-0.0
2025-11-16 02:39:43.114480,140.195,140.212268,140.212268,-0.0
2025-11-16 02:39:43.217171,140.195,140.212221,140.212221,-0.0
2025-11-16 02:39:43.314497,140.195,140.212174,140.212174,-0.0
2025-11-16 02:39:43.415454,140.195,140.212127,140.212127,-0.0
2025-11-16 02:39:43.515105,140.195,140.212081,140.212081,-0.0
2025-11-16 02:39:43.716500,140.195,140.212035,140.212035,-0.0
2025-11-16 02:39:43.815173,140.195,140.211989,140.211989,-0.0
2025-11-16 02:39:43.917477,140.195,140.211944,140.211944,-0.0
2025-11-16 02:39:44.014514,140.195,140.211898,140.211898,-0.0
2025-11-16 02:39:44.115174,140.195,140.211853,140.211853,-0.0
2025-11-16 02:39:44.315319,140.195,140.211809,140.211809,-0.0
2025-11-16 02:39:44.415450,140.195,140.211764,140.211764,-0.0
2025-11-16 02:39:44.715013,140.195,140.21172,140.21172,-0.0
2025-11-16 02:39:45.116094,140.195,140.211675,140.211675,-0.0
2025-11-16 02:39:45.315317,140.195,140.211632,140.211632,-0.0
2025-11-16 02:39:45.614585,140.195,140.211588,140.211588,-0.0
2025-11-16 02:39:45.917285,140.195,140.211545,140.211545,-0.0
2025-11-16 02:39:46.215305,140.195,140.211501,140.211501,-0.0
2025-11-16 02:39:46.315173,140.195,140.211458,140.211458,-0.0
2025-11-16 02:39:46.414645,140.195,140.211416,140.211416,-0.0
2025-11-16 02:39:46.514440,140.195,140.211373,140.211373,-0.0
2025-11-16 02:39:46.814688,140.195,140.211331,140.211331,-0.0
2025-11-16 02:39:46.914673,140.195,140.211289,140.211289,-0.0
2025-11-16 02:39:47.114731,140.195,140.211247,140.211247,-0.0
2025-11-16 02:39:47.217010,140.195,140.211205,140.211205,-0.0
2025-11-16 02:39:47.314574,140.195,140.211164,140.211164,-0.0
2025-11-16 02:39:47.414737,140.195,140.211122,140.211122,-0.0
2025-11-16 02:39:47.615234,140.195,140.211081,140.211081,-0.0
2025-11-16 02:39:47.714718,140.195,140.211041,140.211041,-0.0
2025-11-16 02:39:47.814954,140.195,140.211,140.211,-0.0
2025-11-16 02:39:47.914558,140.175,140.210909,140.210909,-0.0
2025-11-16 02:39:48.017225,140.175,140.210819,140.210819,-0.0
2025-11-16 02:39:48.114888,140.175,140.210729,140.210729,-0.0
2025-11-16 02:39:48.214922,140.175,140.210639,140.210639,-0.0
2025-11-16 02:39:48.315126,140.175,140.21055,140.21055,-0.0
2025-11-16 02:39:48.414234,140.175,140.210461,140.210461,-0.0
2025-11-16 02:39:48.514648,140.175,140.210373,140.210373,-0.0
2025-11-16 02:39:48.614907,140.175,140.210285,140.210285,-0.0
2025-11-16 02:39:48.714364,140.175,140.210198,140.210198,-0.0
2025-11-16 02:39:48.814441,140.175,140.210111,140.210111,-0.0
2025-11-16 02:39:48.914564,140.175,140.210025,140.210025,-0.0
2025-11-16 02:39:49.014262,140.175,140.209939,140.209939,-0.0
2025-11-16 02:39:49.116793,140.175,140.209853,140.209853,-0.0
2025-11-16 02:39:49.215685,140.165,140.209743,140.209743,-0.0
2025-11-16 02:39:49.315587,140.165,140.209634,140.209634,-0.0
2025-11-16 02:39:49.414379,140.135,140.209453,140.209453,-0.0
2025-11-16 02:39:49.514272,140.135,140.209272,140.209272,-0.0
2025-11-16 02:39:49.614146,140.135,140.209092,140.209092,-0.0
2025-11-16 02:39:49.814139,140.145,140.208937,140.208937,-0.0
2025-11-16 02:39:49.914565,140.145,140.208783,140.208783,-0.0
2025-11-16 02:39:50.014422,140.145,140.20863,140.20863,-0.0
2025-11-16 02:39:50.115853,140.145,140.208477,140.208477,-0.0
2025-11-16 02:39:50.416290,140.145,140.208325,140.208325,-0.0
2025-11-16 02:39:50.514892,140.145,140.208174,140.208174,-0.0
2025-11-16 02:39:50.614978,140.145,140.208024,140.208024,-0.0
2025-11-16 02:39:50.715385,140.145,140.207874,140.207874,-0.0
2025-11-16 02:39:50.816843,140.145,140.207725,140.207725,-0.0
2025-11-16 02:39:51.024891,140.145,140.207577,140.207577,-0.0
2025-11-16 02:39:51.114422,140.145,140.207429,140.207429,-0.0
2025-11-16 02:39:51.216467,140.145,140.207282,140.207282,-0.0
2025-11-16 02:39:51.315327,140.145,140.207136,140.207136,-0.0
2025-11-16 02:39:51.515119,140.145,140.206991,140.206991,-0.0
2025-11-16 02:39:51.616815,140.145,140.206846,140.206846,-0.0
2025-11-16 02:39:51.715016,140.145,140.206702,140.206702,-0.0
2025-11-16 02:39:52.214614,140.145,140.206558,140.206558,-0.0
2025-11-16 02:39:52.316814,140.145,140.206415,140.206415,-0.0
2025-11-16 02:39:52.414354,140.145,140.206273,140.206273,-0.0
2025-11-16 02:39:52.515144,140.145,140.206132,140.206132,-0.0
2025-11-16 02:39:52.815608,140.145,140.205991,140.205991,-0.0
2025-11-16 02:39:52.915530,140.145,140.205851,140.205851,-0.0
2025-11-16 02:39:53.015156,140.145,140.205711,140.205711,-0.0
2025-11-16 02:39:53.117269,140.145,140.205572,140.205572,-0.0
2025-11-16 02:39:53.214566,140.145,140.205434,140.205434,-0.0
2025-11-16 02:39:53.314466,140.145,140.205296,140.205296,-0.0
2025-11-16 02:39:53.414374,140.145,140.205159,140.205159,-0.0
2025-11-16 02:39:53.615235,140.145,140.205023,140.205023,-0.0
2025-11-16 02:39:53.715032,140.145,140.204887,140.204887,-0.0
2025-11-16 02:39:53.815246,140.145,140.204752,140.204752,-0.0
2025-11-16 02:39:54.014883,140.145,140.204617,140.204617,-0.0
2025-11-16 02:39:54.415569,140.145,140.204483,140.204483,-0.0
2025-11-16 02:39:54.515228,140.135,140.204327,140.204327,-0.0
2025-11-16 02:39:54.614873,140.125,140.20415,140.20415,-0.0
2025-11-16 02:39:54.715685,140.125,140.203973,140.203973,-0.0
2025-11-16 02:39:54.814830,140.125,140.203797,140.203797,-0.0
2025-11-16 02:39:54.915309,140.125,140.203622,140.203622,-0.0
2025-11-16 02:39:55.013360,140.125,140.203448,140.203448,-0.0
2025-11-16 02:39:55.114907,140.125,140.203274,140.203274,-0.0
2025-11-16 02:39:55.216187,140.125,140.203102,140.203102,-0.0
2025-11-16 02:39:55.316156,140.125,140.20293,140.20293,-0.0
2025-11-16 02:39:55.515468,140.125,140.202758,140.202758,-0.0
2025-11-16 02:39:55.814602,140.115,140.202566,140.202566,-0.0
2025-11-16 02:39:55.914771,140.115,140.202374,140.202374,-0.0
2025-11-16 02:39:56.114982,140.095,140.20214,140.20214,-0.0
2025-11-16 02:39:56.215001,140.095,140.201906,140.201906,-0.0
2025-11-16 02:39:56.313949,140.095,140.201674,140.201674,-0.0
2025-11-16 02:39:56.417543,140.095,140.201443,140.201443,-0.0
2025-11-16 02:39:56.514319,140.095,140.201212,140.201212,-0.0
2025-11-16 02:39:56.614953,140.085,140.200961,140.200961,-0.0
2025-11-16 02:39:56.714786,140.085,140.200711,140.200711,-0.0
2025-11-16 02:39:56.814388,140.085,140.200462,140.200462,-0.0
2025-11-16 02:39:56.914785,140.085,140.200215,140.200215,-0.0
2025-11-16 02:39:57.015066,140.085,140.199968,140.199968,-0.0
2025-11-16 02:39:57.114995,140.085,140.199722,140.199722,-0.0
2025-11-16 02:39:57.215037,140.085,140.199478,140.199478,-0.0
2025-11-16 02:39:57.314861,140.085,140.199234,140.199234,-0.0
2025-11-16 02:39:57.416581,140.085,140.198992,140.198992,-0.0
2025-11-16 02:39:57.515137,140.085,140.19875,140.19875,-0.0
2025-11-16 02:39:57.613904,140.085,140.19851,140.19851,-0.0
2025-11-16 02:39:57.714881,140.085,140.19827,140.19827,-0.0
2025-11-16 02:39:57.815573,140.085,140.198032,140.198032,-0.0
2025-11-16 02:39:57.915618,140.085,140.197794,140.197794,-0.0
2025-11-16 02:39:58.014840,140.085,140.197558,140.197558,-0.0
2025-11-16 02:39:58.115217,140.085,140.197322,140.197322,-0.0
2025-11-16 02:39:58.216913,140.085,140.197088,140.197088,-0.0
2025-11-16 02:39:58.314648,140.085,140.196854,140.196854,-0.0
2025-11-16 02:39:58.415081,140.085,140.196622,140.196622,-0.0
2025-11-16 02:39:58.515537,140.085,140.19639,140.19639,-0.0
2025-11-16 02:39:58.615133,140.085,140.196159,140.196159,-0.0
2025-11-16 02:39:58.714654,140.085,140.19593,140.19593,-0.0
2025-11-16 02:39:58.814692,140.085,140.195701,140.195701,0.0
2025-11-16 02:39:59.021167,140.085,140.195473,140.195473,0.0
2025-11-16 02:39:59.115004,140.085,140.195246,140.195246,0.0
2025-11-16 02:39:59.217200,140.085,140.19502,140.19502,0.0
2025-11-16 02:39:59.314660,140.085,140.194796,140.194796,0.0
2025-11-16 02:39:59.416606,140.085,140.194571,140.194571,0.0
2025-11-16 02:39:59.514799,140.085,140.194348,140.194348,0.0
2025-11-16 02:39:59.614430,140.085,140.194126,140.194126,0.0
2025-11-16 02:39:59.714985,140.085,140.193905,140.193905,0.0
2025-11-16 02:39:59.916606,140.085,140.193684,140.193684,0.0
2025-11-16 02:40:00.015463,140.085,140.193465,140.193465,0.0
2025-11-16 02:40:00.115576,140.085,140.193246,140.193246,0.0
2025-11-16 02:40:00.215549,140.085,140.193028,140.193028,0.0
2025-11-16 02:40:00.414942,140.085,140.192811,140.192811,0.0
2025-11-16 02:40:00.514738,140.085,140.192595,140.192595,0.0
2025-11-16 02:40:00.614870,140.085,140.19238,140.19238,0.0
2025-11-16 02:40:00.814918,140.085,140.192166,140.192166,0.0
2025-11-16 02:40:00.915691,140.085,140.191952,140.191952,0.0
2025-11-16 02:40:01.016539,140.085,140.19174,140.19174,0.0
2025-11-16 02:40:01.115362,140.085,140.191528,140.191528,0.0
2025-11-16 02:40:01.215942,140.085,140.191317,140.191317,0.0
2025-11-16 02:40:01.314975,140.085,140.191107,140.191107,0.0
2025-11-16 02:40:01.514636,140.085,140.190897,140.190897,0.0
2025-11-16 02:40:02.116010,140.095,140.190709,140.190709,0.0
2025-11-16 02:40:02.214095,140.095,140.190521,140.190521,0.0
2025-11-16 02:40:02.314937,140.095,140.190333,140.190333,0.0
2025-11-16 02:40:02.415285,140.095,140.190147,140.190147,0.0
2025-11-16 02:40:02.514635,140.095,140.189961,140.189961,0.0
2025-11-16 02:40:02.617180,140.125,140.189834,140.189834,0.0
2025-11-16 02:40:02.714823,140.135,140.189728,140.189728,0.0
2025-11-16 02:40:02.814905,140.145,140.189641,140.189641,0.0
2025-11-16 02:40:02.915951,140.145,140.189554,140.189554,0.0
2025-11-16 02:40:03.018032,140.145,140.189468,140.189468,0.0
2025-11-16 02:40:03.114723,140.145,140.189382,140.189382,0.0
2025-11-16 02:40:03.218004,140.145,140.189297,140.189297,0.0
2025-11-16 02:40:03.315177,140.145,140.189212,140.189212,0.0
2025-11-16 02:40:03.414605,140.145,140.189127,140.189127,0.0
2025-11-16 02:40:03.614609,140.145,140.189042,140.189042,0.0
2025-11-16 02:40:03.814655,140.145,140.188958,140.188958,0.0
2025-11-16 02:40:03.915163,140.145,140.188874,140.188874,0.0
2025-11-16 02:40:04.114965,140.145,140.18879,140.18879,0.0
2025-11-16 02:40:04.214788,140.145,140.188707,140.188707,0.0
2025-11-16 02:40:04.315273,140.145,140.188624,140.188624,0.0
2025-11-16 02:40:04.517205,140.145,140.188542,140.188542,0.0
2025-11-16 02:40:04.715371,140.145,140.188459,140.188459,0.0
2025-11-16 02:40:04.814884,140.145,140.188377,140.188377,0.0
2025-11-16 02:40:04.914719,140.145,140.188296,140.188296,0.0
2025-11-16 02:40:05.014790,140.145,140.188214,140.188214,0.0
2025-11-16 02:40:05.114730,140.145,140.188133,140.188133,0.0
2025-11-16 02:40:05.415135,140.145,140.188052,140.188052,0.0
2025-11-16 02:40:05.516653,140.145,140.187972,140.187972,0.0
2025-11-16 02:40:05.614686,140.145,140.187892,140.187892,0.0
2025-11-16 02:40:05.715037,140.145,140.187812,140.187812,0.0
2025-11-16 02:40:05.816628,140.145,140.187732,140.187732,0.0
2025-11-16 02:40:06.215120,140.145,140.187653,140.187653,0.0
2025-11-16 02:40:06.314843,140.145,140.187574,140.187574,0.0
2025-11-16 02:40:06.418509,140.145,140.187495,140.187495,0.0
2025-11-16 02:40:06.514313,140.145,140.187417,140.187417,0.0
2025-11-16 02:40:06.614823,140.135,140.18732,140.18732,0.0
2025-11-16 02:40:06.716061,140.135,140.187224,140.187224,0.0
2025-11-16 02:40:06.814718,140.135,140.187128,140.187128,0.0
2025-11-16 02:40:07.016811,140.135,140.187033,140.187033,0.0
2025-11-16 02:40:07.115166,140.165,140.186993,140.186993,0.0
2025-11-16 02:40:07.219364,140.175,140.186971,140.186971,0.0
2025-11-16 02:40:07.314743,140.175,140.186949,140.186949,0.0
2025-11-16 02:40:07.415378,140.175,140.186927,140.186927,0.0
2025-11-16 02:40:07.514652,140.175,140.186906,140.186906,0.0
2025-11-16 02:40:07.614778,140.175,140.186884,140.186884,0.0
2025-11-16 02:40:07.814736,140.175,140.186863,140.186863,0.0
2025-11-16 02:40:07.914836,140.175,140.186841,140.186841,0.0
2025-11-16 02:40:08.016592,140.175,140.18682,140.18682,0.0
2025-11-16 02:40:08.117299,140.175,140.186799,140.186799,0.0
2025-11-16 02:40:08.214816,140.175,140.186777,140.186777,0.0
2025-11-16 02:40:08.314877,140.175,140.186756,140.186756,0.0
2025-11-16 02:40:08.414849,140.175,140.186735,140.186735,0.0
2025-11-16 02:40:08.514814,140.175,140.186714,140.186714,0.0
2025-11-16 02:40:08.615412,140.175,140.186693,140.186693,0.0
2025-11-16 02:40:08.715469,140.175,140.186673,140.186673,0.0
2025-11-16 02:40:08.814793,140.175,140.186652,140.186652,0.0
2025-11-16 02:40:08.914730,140.175,140.186631,140.186631,0.0
2025-11-16 02:40:09.014118,140.205,140.186664,140.186664,0.0
2025-11-16 02:40:09.114842,140.205,140.186696,140.186696,0.0
2025-11-16 02:40:09.215033,140.205,140.186728,140.186728,0.0
2025-11-16 02:40:09.314480,140.205,140.186761,140.186761,0.0
2025-11-16 02:40:09.415852,140.205,140.186793,140.186793,0.0
2025-11-16 02:40:09.714761,140.205,140.186825,140.186825,0.0
2025-11-16 02:40:09.915513,140.205,140.186856,140.186856,0.0
2025-11-16 02:40:10.115025,140.205,140.186888,140.186888,0.0
2025-11-16 02:40:10.216448,140.205,140.18692,140.18692,0.0
2025-11-16 02:40:10.314819,140.225,140.186986,140.186986,0.0
2025-11-16 02:40:10.414920,140.225,140.187052,140.187052,0.0
2025-11-16 02:40:10.515439,140.225,140.187118,140.187118,0.0
2025-11-16 02:40:10.615565,140.225,140.187184,140.187184,0.0
2025-11-16 02:40:10.815191,140.225,140.187249,140.187249,0.0
2025-11-16 02:40:10.915576,140.225,140.187314,140.187314,0.0
2025-11-16 02:40:11.115385,140.225,140.187379,140.187379,0.0
2025-11-16 02:40:11.215318,140.225,140.187444,140.187444,0.0
2025-11-16 02:40:11.414812,140.225,140.187509,140.187509,0.0
2025-11-16 02:40:11.516439,140.225,140.187573,140.187573,0.0
2025-11-16 02:40:11.615599,140.225,140.187637,140.187637,0.0
2025-11-16 02:40:11.714465,140.225,140.187701,140.187701,0.0
2025-11-16 02:40:11.816326,140.225,140.187765,140.187765,0.0
2025-11-16 02:40:11.914144,140.19,140.187768,140.187768,0.0
2025-11-16 02:40:12.015970,140.165,140.18773,140.18773,0.0
2025-11-16 02:40:12.114775,140.165,140.187691,140.187691,0.0
2025-11-16 02:40:12.215113,140.165,140.187653,140.187653,0.0
2025-11-16 02:40:12.315659,140.165,140.187614,140.187614,0.0
2025-11-16 02:40:12.416475,140.165,140.187576,140.187576,0.0
2025-11-16 02:40:12.614902,140.165,140.187538,140.187538,0.0
2025-11-16 02:40:12.915017,140.165,140.1875,140.1875,0.0
2025-11-16 02:40:13.015084,140.165,140.187462,140.187462,0.0
2025-11-16 02:40:13.114295,140.155,140.187408,140.187408,0.0
2025-11-16 02:40:13.217451,140.155,140.187353,140.187353,0.0
2025-11-16 02:40:13.315461,140.155,140.187299,140.187299,0.0
2025-11-16 02:40:13.413598,140.155,140.187245,140.187245,0.0
2025-11-16 02:40:13.514894,140.125,140.187142,140.187142,0.0
2025-11-16 02:40:13.614976,140.135,140.187055,140.187055,0.0
2025-11-16 02:40:13.715444,140.135,140.186968,140.186968,0.0
2025-11-16 02:40:13.815364,140.135,140.186882,140.186882,0.0
2025-11-16 02:40:13.915292,140.135,140.186796,140.186796,0.0
2025-11-16 02:40:14.115300,140.135,140.186711,140.186711,0.0
2025-11-16 02:40:14.215463,140.135,140.186625,140.186625,0.0
2025-11-16 02:40:14.317030,140.135,140.18654,140.18654,0.0
2025-11-16 02:40:14.414770,140.135,140.186456,140.186456,0.0
2025-11-16 02:40:14.514964,140.135,140.186371,140.186371,0.0
2025-11-16 02:40:14.715224,140.135,140.186287,140.186287,0.0
2025-11-16 02:40:15.023275,140.135,140.186203,140.186203,0.0
2025-11-16 02:40:15.114565,140.135,140.186119,140.186119,0.0
2025-11-16 02:40:15.215494,140.135,140.186036,140.186036,0.0
2025-11-16 02:40:15.315084,140.135,140.185953,140.185953,0.0
2025-11-16 02:40:15.414949,140.135,140.18587,140.18587,0.0
2025-11-16 02:40:15.515194,140.135,140.185787,140.185787,0.0
2025-11-16 02:40:15.614439,140.135,140.185705,140.185705,0.0
2025-11-16 02:40:15.715983,140.135,140.185623,140.185623,0.0
2025-11-16 02:40:15.916073,140.135,140.185541,140.185541,0.0
2025-11-16 02:40:16.014534,140.135,140.18546,140.18546,0.0
2025-11-16 02:40:16.215557,140.135,140.185378,140.185378,0.0
2025-11-16 02:40:16.514745,140.135,140.185297,140.185297,0.0
2025-11-16 02:40:16.614473,140.135,140.185217,140.185217,0.0
2025-11-16 02:40:16.715031,140.135,140.185136,140.185136,0.0
2025-11-16 02:40:16.816574,140.135,140.185056,140.185056,0.0
2025-11-16 02:40:17.115228,140.135,140.184976,140.184976,0.0
2025-11-16 02:40:17.415353,140.135,140.184896,140.184896,0.0
2025-11-16 02:40:17.516873,140.135,140.184817,140.184817,0.0
2025-11-16 02:40:17.816873,140.135,140.184738,140.184738,0.0
2025-11-16 02:40:17.914664,140.135,140.184659,140.184659,0.0
2025-11-16 02:40:18.018729,140.135,140.18458,140.18458,0.0
2025-11-16 02:40:18.115858,140.135,140.184502,140.184502,0.0
2025-11-16 02:40:18.214956,140.135,140.184423,140.184423,0.0
2025-11-16 02:40:18.314722,140.135,140.184345,140.184345,0.0
2025-11-16 02:40:18.415096,140.135,140.184268,140.184268,0.0
2025-11-16 02:40:18.520761,140.135,140.18419,140.18419,0.0
2025-11-16 02:40:18.615868,140.135,140.184113,140.184113,0.0
2025-11-16 02:40:18.715311,140.135,140.184036,140.184036,0.0
2025-11-16 02:40:18.817129,140.135,140.183959,140.183959,0.0
2025-11-16 02:40:18.914856,140.135,140.183883,140.183883,0.0
2025-11-16 02:40:19.114852,140.135,140.183807,140.183807,0.0
2025-11-16 02:40:19.215450,140.135,140.183731,140.183731,0.0
2025-11-16 02:40:19.515277,140.135,140.183655,140.183655,0.0
2025-11-16 02:40:19.615229,140.135,140.183579,140.183579,0.0
2025-11-16 02:40:19.716243,140.135,140.183504,140.183504,0.0
2025-11-16 02:40:19.815009,140.135,140.183429,140.183429,0.0
2025-11-16 02:40:19.915810,140.135,140.183354,140.183354,0.0
2025-11-16 02:40:20.015094,140.135,140.183279,140.183279,0.0
2025-11-16 02:40:20.115520,140.135,140.183205,140.183205,0.0
2025-11-16 02:40:20.215399,140.135,140.183131,140.183131,0.0
2025-11-16 02:40:20.415235,140.135,140.183057,140.183057,0.0
2025-11-16 02:40:20.517352,140.135,140.182983,140.182983,0.0
2025-11-16 02:40:20.614731,140.135,140.18291,140.18291,0.0
2025-11-16 02:40:20.715242,140.135,140.182836,140.182836,0.0
2025-11-16 02:40:20.815574,140.135,140.182763,140.182763,0.0
2025-11-16 02:40:20.914145,140.135,140.182691,140.182691,0.0
2025-11-16 02:40:21.021995,140.135,140.182618,140.182618,0.0
2025-11-16 02:40:21.114663,140.135,140.182546,140.182546,0.0
2025-11-16 02:40:21.215029,140.135,140.182473,140.182473,0.0
2025-11-16 02:40:21.315031,140.135,140.182402,140.182402,0.0
2025-11-16 02:40:21.415625,140.135,140.18233,140.18233,-0.0
2025-11-16 02:40:21.516891,140.135,140.182258,140.182258,-0.0
2025-11-16 02:40:21.614800,140.135,140.182187,140.182187,-0.0
2025-11-16 02:40:21.714925,140.135,140.182116,140.182116,-0.0
2025-11-16 02:40:21.815107,140.135,140.182045,140.182045,-0.0
2025-11-16 02:40:21.915441,140.135,140.181974,140.181974,-0.0
2025-11-16 02:40:22.015001,140.135,140.181904,140.181904,-0.0
2025-11-16 02:40:22.115275,140.135,140.181834,140.181834,-0.0
2025-11-16 02:40:22.218680,140.135,140.181764,140.181764,-0.0
2025-11-16 02:40:22.514790,140.135,140.181694,140.181694,-0.0
2025-11-16 02:40:22.814730,140.135,140.181624,140.181624,-0.0
2025-11-16 02:40:23.015216,140.135,140.181555,140.181555,-0.0
2025-11-16 02:40:23.115754,140.135,140.181486,140.181486,-0.0
2025-11-16 02:40:23.215600,140.135,140.181417,140.181417,-0.0
2025-11-16 02:40:23.415971,140.135,140.181348,140.181348,-0.0
2025-11-16 02:40:23.814955,140.135,140.18128,140.18128,-0.0
2025-11-16 02:40:24.014966,140.135,140.181211,140.181211,-0.0
2025-11-16 02:40:24.115250,140.135,140.181143,140.181143,-0.0
2025-11-16 02:40:24.215239,140.135,140.181075,140.181075,-0.0
2025-11-16 02:40:24.315613,140.135,140.181007,140.181007,-0.0
2025-11-16 02:40:24.517907,140.135,140.18094,140.18094,-0.0
2025-11-16 02:40:24.614717,140.135,140.180872,140.180872,-0.0
2025-11-16 02:40:24.716096,140.135,140.180805,140.180805,-0.0
2025-11-16 02:40:24.914975,140.135,140.180738,140.180738,-0.0
2025-11-16 02:40:25.215195,140.135,140.180672,140.180672,-0.0
2025-11-16 02:40:25.315240,140.135,140.180605,140.180605,-0.0
2025-11-16 02:40:25.515391,140.135,140.180539,140.180539,-0.0
2025-11-16 02:40:25.815008,140.135,140.180472,140.180472,-0.0
2025-11-16 02:40:26.015216,140.135,140.180406,140.180406,-0.0
2025-11-16 02:40:26.316854,140.135,140.180341,140.180341,-0.0
2025-11-16 02:40:26.415321,140.135,140.180275,140.180275,-0.0
2025-11-16 02:40:26.514811,140.135,140.18021,140.18021,-0.0
2025-11-16 02:40:26.614872,140.135,140.180144,140.180144,-0.0
2025-11-16 02:40:26.715434,140.135,140.180079,140.180079,-0.0
2025-11-16 02:40:26.815583,140.135,140.180014,140.180014,-0.0
2025-11-16 02:40:26.915084,140.135,140.17995,140.17995,-0.0
2025-11-16 02:40:27.016254,140.135,140.179885,140.179885,-0.0
2025-11-16 02:40:27.216063,140.135,140.179821,140.179821,-0.0
2025-11-16 02:40:27.314943,140.135,140.179757,140.179757,-0.0
2025-11-16 02:40:27.415589,140.135,140.179693,140.179693,-0.0
2025-11-16 02:40:27.515304,140.135,140.179629,140.179629,-0.0
2025-11-16 02:40:27.615125,140.135,140.179566,140.179566,-0.0
2025-11-16 02:40:27.717146,140.155,140.179531,140.179531,-0.0
2025-11-16 02:40:27.817154,140.155,140.179496,140.179496,-0.0
2025-11-16 02:40:27.915272,140.165,140.179475,140.179475,-0.0
2025-11-16 02:40:28.015040,140.165,140.179455,140.179455,-0.0
2025-11-16 02:40:28.215129,140.165,140.179434,140.179434,-0.0
2025-11-16 02:40:28.315504,140.165,140.179414,140.179414,-0.0
2025-11-16 02:40:28.515318,140.165,140.179394,140.179394,-0.0
2025-11-16 02:40:28.715603,140.165,140.179373,140.179373,-0.0
2025-11-16 02:40:28.916403,140.165,140.179353,140.179353,-0.0
2025-11-16 02:40:29.114741,140.165,140.179333,140.179333,-0.0
2025-11-16 02:40:29.215046,140.165,140.179313,140.179313,-0.0
2025-11-16 02:40:29.314992,140.165,140.179293,140.179293,-0.0
2025-11-16 02:40:29.415415,140.165,140.179273,140.179273,-0.0
2025-11-16 02:40:29.615332,140.165,140.179253,140.179253,-0.0
2025-11-16 02:40:29.715397,140.165,140.179233,140.179233,-0.0
2025-11-16 02:40:29.814932,140.165,140.179213,140.179213,-0.0
2025-11-16 02:40:29.916994,140.165,140.179193,140.179193,-0.0
2025-11-16 02:40:30.015498,140.165,140.179174,140.179174,-0.0
2025-11-16 02:40:30.315004,140.165,140.179154,140.179154,-0.0
2025-11-16 02:40:30.515175,140.165,140.179134,140.179134,-0.0
2025-11-16 02:40:30.614902,140.165,140.179115,140.179115,-0.0
2025-11-16 02:40:30.717058,140.165,140.179095,140.179095,-0.0
2025-11-16 02:40:30.815267,140.165,140.179076,140.179076,-0.0
2025-11-16 02:40:30.915549,140.165,140.179056,140.179056,-0.0
2025-11-16 02:40:31.015117,140.185,140.179065,140.179065,-0.0
2025-11-16 02:40:31.115310,140.185,140.179073,140.179073,-0.0
2025-11-16 02:40:31.215185,140.215,140.179122,140.179122,-0.0
2025-11-16 02:40:31.315289,140.215,140.179171,140.179171,-0.0
2025-11-16 02:40:31.414876,140.215,140.17922,140.17922,-0.0
2025-11-16 02:40:31.515081,140.225,140.179283,140.179283,-0.0
2025-11-16 02:40:31.614975,140.225,140.179345,140.179345,-0.0
2025-11-16 02:40:31.715312,140.225,140.179407,140.179407,-0.0
2025-11-16 02:40:31.815196,140.225,140.179469,140.179469,-0.0
2025-11-16 02:40:31.915284,140.255,140.179572,140.179572,-0.0
2025-11-16 02:40:32.016807,140.255,140.179674,140.179674,-0.0
2025-11-16 02:40:32.115544,140.255,140.179776,140.179776,-0.0
2025-11-16 02:40:32.214932,140.255,140.179878,140.179878,-0.0
2025-11-16 02:40:32.415171,140.255,140.17998,140.17998,-0.0
2025-11-16 02:40:32.516014,140.255,140.180081,140.180081,-0.0
2025-11-16 02:40:32.614738,140.255,140.180182,140.180182,-0.0
2025-11-16 02:40:32.715860,140.255,140.180283,140.180283,-0.0
2025-11-16 02:40:32.915902,140.255,140.180383,140.180383,-0.0
2025-11-16 02:40:33.022499,140.255,140.180483,140.180483,-0.0
2025-11-16 02:40:33.115957,140.255,140.180583,140.180583,-0.0
2025-11-16 02:40:33.215612,140.255,140.180683,140.180683,-0.0
2025-11-16 02:40:33.316769,140.255,140.180782,140.180782,-0.0
2025-11-16 02:40:33.515233,140.255,140.180881,140.180881,-0.0
2025-11-16 02:40:33.715436,140.255,140.18098,140.18098,-0.0
2025-11-16 02:40:33.815190,140.215,140.181025,140.181025,-0.0
2025-11-16 02:40:33.914562,140.205,140.181057,140.181057,-0.0
2025-11-16 02:40:34.014267,140.195,140.181076,140.181076,-0.0
2025-11-16 02:40:34.115251,140.175,140.181068,140.181068,-0.0
2025-11-16 02:40:34.215113,140.175,140.18106,140.18106,-0.0
2025-11-16 02:40:34.316768,140.175,140.181052,140.181052,-0.0
2025-11-16 02:40:34.414786,140.175,140.181044,140.181044,-0.0
2025-11-16 02:40:34.514953,140.175,140.181036,140.181036,-0.0
2025-11-16 02:40:34.615364,140.175,140.181028,140.181028,-0.0
2025-11-16 02:40:34.715145,140.175,140.18102,140.18102,-0.0
2025-11-16 02:40:34.814830,140.175,140.181012,140.181012,-0.0
2025-11-16 02:40:34.915462,140.175,140.181004,140.181004,-0.0
2025-11-16 02:40:35.114751,140.175,140.180996,140.180996,-0.0
2025-11-16 02:40:35.215588,140.175,140.180988,140.180988,-0.0
2025-11-16 02:40:35.414871,140.175,140.18098,140.18098,-0.0
2025-11-16 02:40:35.514650,140.165,140.18096,140.18096,-0.0
2025-11-16 02:40:35.616401,140.145,140.180913,140.180913,-0.0
2025-11-16 02:40:35.715259,140.145,140.180866,140.180866,-0.0
2025-11-16 02:40:35.814151,140.145,140.180819,140.180819,-0.0
2025-11-16 02:40:35.915600,140.145,140.180773,140.180773,-0.0
2025-11-16 02:40:36.015846,140.145,140.180726,140.180726,-0.0
2025-11-16 02:40:36.115009,140.135,140.180667,140.180667,-0.0
2025-11-16 02:40:36.216185,140.135,140.180608,140.180608,-0.0
2025-11-16 02:40:36.315542,140.135,140.180549,140.180549,-0.0
2025-11-16 02:40:36.415765,140.135,140.18049,140.18049,-0.0
2025-11-16 02:40:36.517328,140.135,140.180432,140.180432,-0.0
2025-11-16 02:40:36.615445,140.135,140.180373,140.180373,-0.0
2025-11-16 02:40:36.814633,140.135,140.180315,140.180315,-0.0
2025-11-16 02:40:36.915785,140.135,140.180257,140.180257,-0.0
2025-11-16 02:40:37.017448,140.135,140.180199,140.180199,-0.0
2025-11-16 02:40:37.215389,140.135,140.180141,140.180141,-0.0
2025-11-16 02:40:37.415002,140.135,140.180083,140.180083,-0.0
2025-11-16 02:40:37.514819,140.135,140.180026,140.180026,-0.0
2025-11-16 02:40:37.614714,140.135,140.179968,140.179968,-0.0
2025-11-16 02:40:37.714732,140.145,140.179924,140.179924,-0.0
2025-11-16 02:40:37.816102,140.155,140.179892,140.179892,-0.0
2025-11-16 02:40:37.914895,140.155,140.17986,140.17986,-0.0
2025-11-16 02:40:38.014735,140.155,140.179829,140.179829,-0.0
2025-11-16 02:40:38.115390,140.155,140.179797,140.179797,-0.0
2025-11-16 02:40:38.217003,140.155,140.179766,140.179766,-0.0
2025-11-16 02:40:38.314833,140.155,140.179735,140.179735,-0.0
2025-11-16 02:40:38.415225,140.155,140.179703,140.179703,-0.0
2025-11-16 02:40:38.516852,140.155,140.179672,140.179672,-0.0
2025-11-16 02:40:38.615240,140.155,140.179641,140.179641,-0.0
2025-11-16 02:40:38.715255,140.155,140.17961,140.17961,-0.0
2025-11-16 02:40:38.815006,140.155,140.179579,140.179579,-0.0
2025-11-16 02:40:39.015601,140.155,140.179548,140.179548,-0.0
2025-11-16 02:40:39.315190,140.155,140.179518,140.179518,-0.0
2025-11-16 02:40:39.415541,140.155,140.179487,140.179487,-0.0
2025-11-16 02:40:39.515564,140.155,140.179456,140.179456,-0.0
2025-11-16 02:40:39.615826,140.155,140.179426,140.179426,-0.0
2025-11-16 02:40:39.814858,140.155,140.179395,140.179395,-0.0
2025-11-16 02:40:39.915189,140.155,140.179365,140.179365,-0.0
2025-11-16 02:40:40.015802,140.155,140.179335,140.179335,-0.0
2025-11-16 02:40:40.115826,140.155,140.179304,140.179304,-0.0
2025-11-16 02:40:40.215673,140.155,140.179274,140.179274,-0.0
2025-11-16 02:40:40.317085,140.155,140.179244,140.179244,-0.0
2025-11-16 02:40:40.415300,140.155,140.179214,140.179214,-0.0
2025-11-16 02:40:40.614944,140.155,140.179184,140.179184,-0.0
2025-11-16 02:40:40.814785,140.155,140.179154,140.179154,-0.0
2025-11-16 02:40:40.915041,140.155,140.179125,140.179125,-0.0
2025-11-16 02:40:41.017075,140.155,140.179095,140.179095,-0.0
2025-11-16 02:40:41.116763,140.155,140.179065,140.179065,-0.0
2025-11-16 02:40:41.315132,140.155,140.179036,140.179036,-0.0
2025-11-16 02:40:41.415466,140.155,140.179006,140.179006,-0.0
2025-11-16 02:40:41.516176,140.155,140.178977,140.178977,-0.0
2025-11-16 02:40:41.615404,140.155,140.178947,140.178947,-0.0
2025-11-16 02:40:41.714899,140.155,140.178918,140.178918,-0.0
2025-11-16 02:40:41.817444,140.155,140.178889,140.178889,-0.0
2025-11-16 02:40:41.914916,140.155,140.17886,140.17886,-0.0
2025-11-16 02:40:42.215873,140.155,140.178831,140.178831,-0.0
2025-11-16 02:40:42.317660,140.155,140.178802,140.178802,-0.0
2025-11-16 02:40:42.515519,140.155,140.178773,140.178773,-0.0
2025-11-16 02:40:42.615788,140.155,140.178744,140.178744,-0.0
2025-11-16 02:40:42.715624,140.155,140.178715,140.178715,-0.0
2025-11-16 02:40:43.117042,140.155,140.178686,140.178686,-0.0
2025-11-16 02:40:43.215478,140.155,140.178658,140.178658,-0.0
2025-11-16 02:40:43.315017,140.155,140.178629,140.178629,-0.0
2025-11-16 02:40:43.414975,140.175,140.178625,140.178625,-0.0
2025-11-16 02:40:43.515307,140.185,140.178633,140.178633,-0.0
2025-11-16 02:40:43.615093,140.185,140.17864,140.17864,-0.0
2025-11-16 02:40:43.715097,140.185,140.178648,140.178648,-0.0
2025-11-16 02:40:43.815194,140.185,140.178655,140.178655,-0.0
2025-11-16 02:40:43.915876,140.185,140.178663,140.178663,-0.0
2025-11-16 02:40:44.015022,140.185,140.178671,140.178671,-0.0
2025-11-16 02:40:44.115544,140.185,140.178678,140.178678,-0.0
2025-11-16 02:40:44.315617,140.165,140.178662,140.178662,-0.0
2025-11-16 02:40:44.415202,140.165,140.178646,140.178646,-0.0
2025-11-16 02:40:44.515127,140.165,140.178629,140.178629,-0.0
2025-11-16 02:40:44.614978,140.165,140.178613,140.178613,-0.0
2025-11-16 02:40:44.715604,140.165,140.178597,140.178597,-0.0
2025-11-16 02:40:44.815697,140.165,140.178581,140.178581,-0.0
2025-11-16 02:40:44.915247,140.175,140.178577,140.178577,-0.0
2025-11-16 02:40:45.016772,140.175,140.178572,140.178572,-0.0
2025-11-16 02:40:45.115632,140.185,140.17858,140.17858,-0.0
2025-11-16 02:40:45.215857,140.185,140.178587,140.178587,-0.0
2025-11-16 02:40:45.314909,140.185,140.178595,140.178595,-0.0
2025-11-16 02:40:45.415116,140.185,140.178603,140.178603,-0.0
2025-11-16 02:40:45.516214,140.185,140.17861,140.17861,-0.0
2025-11-16 02:40:45.615038,140.185,140.178618,140.178618,-0.0
2025-11-16 02:40:45.715036,140.185,140.178625,140.178625,-0.0
2025-11-16 02:40:45.816064,140.175,140.178621,140.178621,-0.0
2025-11-16 02:40:45.915670,140.175,140.178617,140.178617,-0.0
2025-11-16 02:40:46.217124,140.175,140.178612,140.178612,-0.0
2025-11-16 02:40:46.315472,140.175,140.178608,140.178608,-0.0
2025-11-16 02:40:46.414936,140.175,140.178604,140.178604,-0.0
2025-11-16 02:40:46.515622,140.185,140.178611,140.178611,-0.0
2025-11-16 02:40:46.615404,140.185,140.178619,140.178619,-0.0
2025-11-16 02:40:46.915898,140.185,140.178626,140.178626,-0.0
2025-11-16 02:40:47.016212,140.195,140.178645,140.178645,-0.0
2025-11-16 02:40:47.115443,140.195,140.178664,140.178664,-0.0
2025-11-16 02:40:47.216072,140.195,140.178683,140.178683,-0.0
2025-11-16 02:40:47.315600,140.195,140.178702,140.178702,-0.0
2025-11-16 02:40:47.415603,140.195,140.178721,140.178721,-0.0
2025-11-16 02:40:47.515074,140.195,140.17874,140.17874,-0.0
2025-11-16 02:40:47.617135,140.195,140.178759,140.178759,-0.0
2025-11-16 02:40:47.716584,140.195,140.178777,140.178777,-0.0
2025-11-16 02:40:47.815652,140.195,140.178796,140.178796,-0.0
2025-11-16 02:40:48.115417,140.195,140.178815,140.178815,-0.0
2025-11-16 02:40:48.215886,140.195,140.178833,140.178833,-0.0
2025-11-16 02:40:48.315654,140.195,140.178852,140.178852,-0.0
2025-11-16 02:40:48.415719,140.195,140.17887,140.17887,-0.0
2025-11-16 02:40:48.715377,140.195,140.178889,140.178889,-0.0
2025-11-16 02:40:48.815756,140.155,140.178862,140.178862,-0.0
2025-11-16 02:40:48.917505,140.155,140.178834,140.178834,-0.0
2025-11-16 02:40:49.015332,140.145,140.178796,140.178796,-0.0
2025-11-16 02:40:49.115881,140.135,140.178746,140.178746,-0.0
2025-11-16 02:40:49.216238,140.135,140.178696,140.178696,-0.0
2025-11-16 02:40:49.315407,140.135,140.178646,140.178646,-0.0
2025-11-16 02:40:49.415469,140.135,140.178597,140.178597,-0.0
2025-11-16 02:40:49.516071,140.135,140.178547,140.178547,-0.0
2025-11-16 02:40:49.715396,140.135,140.178498,140.178498,-0.0
2025-11-16 02:40:49.815524,140.135,140.178448,140.178448,-0.0
2025-11-16 02:40:49.915352,140.135,140.178399,140.178399,-0.0
2025-11-16 02:40:50.017001,140.125,140.178339,140.178339,-0.0
2025-11-16 02:40:50.115461,140.115,140.178267,140.178267,-0.0
2025-11-16 02:40:50.215770,140.115,140.178196,140.178196,-0.0
2025-11-16 02:40:50.315634,140.115,140.178125,140.178125,-0.0
2025-11-16 02:40:50.414908,140.115,140.178054,140.178054,-0.0
2025-11-16 02:40:50.516264,140.115,140.177983,140.177983,-0.0
2025-11-16 02:40:50.616720,140.115,140.177912,140.177912,-0.0
2025-11-16 02:40:50.716505,140.115,140.177842,140.177842,-0.0
2025-11-16 02:40:50.816027,140.115,140.177772,140.177772,-0.0
2025-11-16 02:40:51.021247,140.115,140.177701,140.177701,-0.0
2025-11-16 02:40:51.231628,140.115,140.177631,140.177631,-0.0
2025-11-16 02:40:51.315575,140.115,140.177561,140.177561,-0.0
2025-11-16 02:40:51.515958,140.115,140.177492,140.177492,-0.0
2025-11-16 02:40:51.615002,140.115,140.177422,140.177422,-0.0
2025-11-16 02:40:51.715284,140.115,140.177353,140.177353,-0.0
2025-11-16 02:40:51.818050,140.125,140.177294,140.177294,-0.0
2025-11-16 02:40:51.917593,140.135,140.177248,140.177248,-0.0
2025-11-16 02:40:52.015119,140.135,140.177201,140.177201,-0.0
2025-11-16 02:40:52.115834,140.135,140.177154,140.177154,-0.0
2025-11-16 02:40:52.214962,140.125,140.177096,140.177096,-0.0
2025-11-16 02:40:52.315909,140.125,140.177039,140.177039,-0.0
2025-11-16 02:40:52.415911,140.125,140.176981,140.176981,-0.0
2025-11-16 02:40:52.615798,140.125,140.176924,140.176924,-0.0
2025-11-16 02:40:52.715561,140.135,140.176878,140.176878,-0.0
2025-11-16 02:40:52.816304,140.135,140.176832,140.176832,-0.0
2025-11-16 02:40:52.917247,140.135,140.176786,140.176786,-0.0
2025-11-16 02:40:53.015970,140.135,140.17674,140.17674,-0.0
2025-11-16 02:40:53.315143,140.135,140.176694,140.176694,-0.0
2025-11-16 02:40:53.416218,140.135,140.176648,140.176648,-0.0
2025-11-16 02:40:53.515436,140.135,140.176603,140.176603,-0.0
2025-11-16 02:40:53.618225,140.135,140.176557,140.176557,-0.0
2025-11-16 02:40:53.815230,140.135,140.176512,140.176512,-0.0
2025-11-16 02:40:53.915232,140.135,140.176467,140.176467,-0.0
2025-11-16 02:40:54.015638,140.145,140.176432,140.176432,-0.0
2025-11-16 02:40:54.114547,140.145,140.176398,140.176398,-0.0
2025-11-16 02:40:54.316094,140.145,140.176364,140.176364,-0.0
2025-11-16 02:40:54.415398,140.145,140.17633,140.17633,-0.0
2025-11-16 02:40:54.516667,140.145,140.176296,140.176296,-0.0
2025-11-16 02:40:54.615205,140.145,140.176262,140.176262,-0.0
2025-11-16 02:40:54.717522,140.145,140.176228,140.176228,-0.0
2025-11-16 02:40:54.815199,140.145,140.176195,140.176195,-0.0
2025-11-16 02:40:54.915257,140.145,140.176161,140.176161,-0.0
2025-11-16 02:40:55.023815,140.145,140.176127,140.176127,-0.0
2025-11-16 02:40:55.115032,140.145,140.176094,140.176094,-0.0
2025-11-16 02:40:55.215598,140.145,140.17606,140.17606,-0.0
2025-11-16 02:40:55.315708,140.145,140.176027,140.176027,-0.0
2025-11-16 02:40:55.415768,140.155,140.176004,140.176004,-0.0
2025-11-16 02:40:55.515365,140.155,140.175982,140.175982,-0.0
2025-11-16 02:40:55.715472,140.155,140.175959,140.175959,-0.0
2025-11-16 02:40:55.816119,140.155,140.175937,140.175937,-0.0
2025-11-16 02:40:55.915100,140.155,140.175914,140.175914,-0.0
2025-11-16 02:40:56.415584,140.155,140.175892,140.175892,-0.0
2025-11-16 02:40:56.514959,140.155,140.17587,140.17587,-0.0
2025-11-16 02:40:56.617994,140.155,140.175848,140.175848,-0.0
2025-11-16 02:40:56.715574,140.155,140.175825,140.175825,-0.0
2025-11-16 02:40:56.815456,140.155,140.175803,140.175803,-0.0
2025-11-16 02:40:56.915397,140.155,140.175781,140.175781,-0.0
2025-11-16 02:40:57.216379,140.155,140.175759,140.175759,-0.0
2025-11-16 02:40:57.315357,140.155,140.175737,140.175737,-0.0
2025-11-16 02:40:57.417476,140.155,140.175715,140.175715,-0.0
2025-11-16 02:40:57.516250,140.155,140.175693,140.175693,-0.0
2025-11-16 02:40:57.616660,140.155,140.175671,140.175671,-0.0
2025-11-16 02:40:57.715761,140.155,140.175649,140.175649,-0.0
2025-11-16 02:40:57.815982,140.155,140.175628,140.175628,-0.0
2025-11-16 02:40:57.915952,140.155,140.175606,140.175606,-0.0
2025-11-16 02:40:58.218053,140.155,140.175584,140.175584,-0.0
2025-11-16 02:40:58.315485,140.155,140.175563,140.175563,-0.0
2025-11-16 02:40:58.516099,140.155,140.175541,140.175541,-0.0
2025-11-16 02:40:58.715913,140.155,140.175519,140.175519,-0.0
2025-11-16 02:40:58.815981,140.155,140.175498,140.175498,-0.0
2025-11-16 02:40:58.916521,140.155,140.175476,140.175476,-0.0
2025-11-16 02:40:59.027947,140.155,140.175455,140.175455,-0.0
2025-11-16 02:40:59.118997,140.155,140.175434,140.175434,-0.0
2025-11-16 02:40:59.215835,140.155,140.175412,140.175412,-0.0
2025-11-16 02:40:59.417682,140.155,140.175391,140.175391,-0.0
2025-11-16 02:40:59.616081,140.155,140.17537,140.17537,-0.0
2025-11-16 02:40:59.715505,140.155,140.175349,140.175349,-0.0
2025-11-16 02:40:59.815966,140.155,140.175327,140.175327,-0.0
2025-11-16 02:41:00.215798,140.155,140.175306,140.175306,-0.0
2025-11-16 02:41:00.315347,140.155,140.175285,140.175285,-0.0
2025-11-16 02:41:00.415182,140.175,140.175285,140.175285,-0.0
2025-11-16 02:41:00.515187,140.175,140.175285,140.175285,-0.0
2025-11-16 02:41:00.715303,140.155,140.175264,140.175264,-0.0
2025-11-16 02:41:00.815453,140.155,140.175243,140.175243,-0.0
2025-11-16 02:41:00.920626,140.155,140.175222,140.175222,-0.0
2025-11-16 02:41:01.017323,140.155,140.175201,140.175201,-0.0
2025-11-16 02:41:01.115768,140.155,140.17518,140.17518,-0.0
2025-11-16 02:41:01.215491,140.155,140.175159,140.175159,-0.0
2025-11-16 02:41:01.316713,140.155,140.175139,140.175139,-0.0
2025-11-16 02:41:01.415484,140.135,140.175098,140.175098,-0.0
2025-11-16 02:41:01.515702,140.105,140.175026,140.175026,-0.0
2025-11-16 02:41:01.615850,140.105,140.174954,140.174954,-0.0
2025-11-16 02:41:01.715303,140.105,140.174882,140.174882,-0.0
2025-11-16 02:41:01.816884,140.105,140.174811,140.174811,-0.0
2025-11-16 02:41:01.915918,140.105,140.17474,140.17474,-0.0
2025-11-16 02:41:02.016002,140.105,140.174668,140.174668,-0.0
2025-11-16 02:41:02.118372,140.105,140.174597,140.174597,-0.0
2025-11-16 02:41:02.217613,140.105,140.174526,140.174526,-0.0
2025-11-16 02:41:02.515269,140.105,140.174456,140.174456,-0.0
2025-11-16 02:41:02.616675,140.105,140.174385,140.174385,-0.0
2025-11-16 02:41:02.715137,140.105,140.174315,140.174315,-0.0
2025-11-16 02:41:02.816049,140.105,140.174244,140.174244,-0.0
2025-11-16 02:41:03.316507,140.105,140.174174,140.174174,-0.0
2025-11-16 02:41:03.416762,140.105,140.174104,140.174104,-0.0
2025-11-16 02:41:03.515383,140.105,140.174034,140.174034,-0.0
2025-11-16 02:41:03.615283,140.105,140.173965,140.173965,-0.0
2025-11-16 02:41:03.717572,140.105,140.173895,140.173895,-0.0
2025-11-16 02:41:03.816325,140.105,140.173826,140.173826,-0.0
2025-11-16 02:41:03.916116,140.105,140.173756,140.173756,-0.0
2025-11-16 02:41:04.215189,140.095,140.173677,140.173677,-0.0
2025-11-16 02:41:04.314742,140.085,140.173588,140.173588,-0.0
2025-11-16 02:41:04.415192,140.095,140.173509,140.173509,-0.0
2025-11-16 02:41:04.515302,140.095,140.17343,140.17343,-0.0
2025-11-16 02:41:04.615473,140.105,140.173362,140.173362,-0.0
2025-11-16 02:41:04.715989,140.105,140.173293,140.173293,-0.0
2025-11-16 02:41:04.815154,140.105,140.173225,140.173225,-0.0
2025-11-16 02:41:04.915188,140.105,140.173157,140.173157,-0.0
2025-11-16 02:41:05.017475,140.105,140.173089,140.173089,-0.0
2025-11-16 02:41:05.115875,140.105,140.173021,140.173021,-0.0
2025-11-16 02:41:05.215741,140.105,140.172953,140.172953,-0.0
2025-11-16 02:41:05.415114,140.105,140.172886,140.172886,-0.0
2025-11-16 02:41:05.714633,140.105,140.172818,140.172818,-0.0
2025-11-16 02:41:05.917742,140.105,140.172751,140.172751,-0.0
2025-11-16 02:41:06.015510,140.105,140.172684,140.172684,-0.0
2025-11-16 02:41:06.215912,140.105,140.172616,140.172616,-0.0
2025-11-16 02:41:06.315427,140.105,140.17255,140.17255,-0.0
2025-11-16 02:41:06.415364,140.105,140.172483,140.172483,-0.0
2025-11-16 02:41:06.615786,140.105,140.172416,140.172416,0.0
2025-11-16 02:41:06.715711,140.105,140.172349,140.172349,0.0
2025-11-16 02:41:06.915705,140.105,140.172283,140.172283,0.0
2025-11-16 02:41:07.015230,140.105,140.172217,140.172217,0.0
2025-11-16 02:41:07.115874,140.105,140.172151,140.172151,0.0
2025-11-16 02:41:07.216313,140.105,140.172085,140.172085,0.0
2025-11-16 02:41:07.515277,140.105,140.172019,140.172019,0.0
2025-11-16 02:41:07.615712,140.105,140.171953,140.171953,0.0
2025-11-16 02:41:07.816106,140.105,140.171887,140.171887,0.0
2025-11-16 02:41:08.115377,140.105,140.171822,140.171822,0.0
2025-11-16 02:41:08.416155,140.105,140.171756,140.171756,0.0
2025-11-16 02:41:08.615989,140.105,140.171691,140.171691,0.0
2025-11-16 02:41:09.015546,140.105,140.171626,140.171626,0.0
2025-11-16 02:41:09.215895,140.105,140.171561,140.171561,0.0
2025-11-16 02:41:09.315907,140.115,140.171506,140.171506,0.0
2025-11-16 02:41:09.415170,140.115,140.171451,140.171451,0.0
2025-11-16 02:41:09.518184,140.115,140.171396,140.171396,0.0
2025-11-16 02:41:09.615664,140.115,140.171341,140.171341,0.0
2025-11-16 02:41:09.816055,140.105,140.171277,140.171277,0.0
2025-11-16 02:41:09.915723,140.105,140.171212,140.171212,0.0
2025-11-16 02:41:10.015140,140.105,140.171148,140.171148,0.0
2025-11-16 02:41:10.115345,140.105,140.171084,140.171084,0.0
2025-11-16 02:41:10.615626,140.105,140.17102,140.17102,0.0
2025-11-16 02:41:10.715650,140.105,140.170957,140.170957,0.0
2025-11-16 02:41:10.815556,140.105,140.170893,140.170893,0.0
2025-11-16 02:41:11.014292,140.105,140.170829,140.170829,0.0
2025-11-16 02:41:11.115371,140.105,140.170766,140.170766,0.0
2025-11-16 02:41:11.418306,140.105,140.170703,140.170703,0.0
2025-11-16 02:41:11.716305,140.105,140.170639,140.170639,0.0
2025-11-16 02:41:11.916163,140.105,140.170576,140.170576,0.0
2025-11-16 02:41:12.015746,140.105,140.170513,140.170513,0.0
2025-11-16 02:41:12.115201,140.115,140.17046,140.17046,0.0
2025-11-16 02:41:12.214029,140.115,140.170407,140.170407,0.0
2025-11-16 02:41:12.317413,140.115,140.170354,140.170354,0.0
2025-11-16 02:41:12.416525,140.115,140.170301,140.170301,0.0
2025-11-16 02:41:12.816419,140.115,140.170248,140.170248,0.0
2025-11-16 02:41:12.914290,140.115,140.170196,140.170196,0.0
2025-11-16 02:41:13.016150,140.105,140.170133,140.170133,0.0
2025-11-16 02:41:13.115412,140.075,140.170043,140.170043,0.0
2025-11-16 02:41:13.216723,140.075,140.169952,140.169952,0.0
2025-11-16 02:41:13.316165,140.085,140.169872,140.169872,0.0
2025-11-16 02:41:13.416928,140.085,140.169791,140.169791,0.0
2025-11-16 02:41:13.515402,140.085,140.169711,140.169711,0.0
2025-11-16 02:41:13.815523,140.085,140.16963,140.16963,0.0
2025-11-16 02:41:14.116163,140.085,140.16955,140.16955,0.0
2025-11-16 02:41:14.415293,140.085,140.16947,140.16947,0.0
2025-11-16 02:41:14.515424,140.085,140.16939,140.16939,0.0
2025-11-16 02:41:14.615661,140.085,140.169311,140.169311,0.0
2025-11-16 02:41:14.715675,140.105,140.16925,140.16925,0.0
2025-11-16 02:41:14.817576,140.105,140.169189,140.169189,0.0
2025-11-16 02:41:15.023524,140.105,140.169129,140.169129,0.0
2025-11-16 02:41:15.115565,140.105,140.169069,140.169069,0.0
2025-11-16 02:41:15.215761,140.105,140.169008,140.169008,0.0
2025-11-16 02:41:15.316109,140.105,140.168948,140.168948,0.0
2025-11-16 02:41:15.416087,140.105,140.168888,140.168888,0.0
2025-11-16 02:41:15.617504,140.105,140.168828,140.168828,0.0
2025-11-16 02:41:15.716007,140.105,140.168769,140.168769,0.0
2025-11-16 02:41:15.815751,140.105,140.168709,140.168709,0.0
2025-11-16 02:41:15.915556,140.105,140.16865,140.16865,0.0
2025-11-16 02:41:16.015637,140.105,140.16859,140.16859,0.0
2025-11-16 02:41:16.215237,140.105,140.168531,140.168531,0.0
2025-11-16 02:41:16.317387,140.105,140.168472,140.168472,0.0
2025-11-16 02:41:16.415262,140.105,140.168412,140.168412,0.0
2025-11-16 02:41:16.515378,140.105,140.168353,140.168353,0.0
2025-11-16 02:41:16.615475,140.105,140.168295,140.168295,0.0
2025-11-16 02:41:17.017047,140.105,140.168236,140.168236,0.0
2025-11-16 02:41:17.115693,140.105,140.168177,140.168177,0.0
2025-11-16 02:41:17.216169,140.105,140.168119,140.168119,0.0
2025-11-16 02:41:17.519892,140.105,140.16806,140.16806,0.0
2025-11-16 02:41:18.021581,140.105,140.168002,140.168002,0.0
2025-11-16 02:41:18.116176,140.105,140.167944,140.167944,0.0
2025-11-16 02:41:18.216202,140.105,140.167886,140.167886,0.0
2025-11-16 02:41:18.317384,140.105,140.167827,140.167827,0.0
2025-11-16 02:41:18.415290,140.105,140.16777,140.16777,0.0
2025-11-16 02:41:18.615856,140.105,140.167712,140.167712,0.0
2025-11-16 02:41:18.815860,140.105,140.167654,140.167654,0.0
2025-11-16 02:41:18.915580,140.105,140.167597,140.167597,0.0
2025-11-16 02:41:19.015166,140.105,140.167539,140.167539,0.0
2025-11-16 02:41:19.216348,140.105,140.167482,140.167482,0.0
2025-11-16 02:41:19.315877,140.105,140.167424,140.167424,0.0
2025-11-16 02:41:19.517422,140.105,140.167367,140.167367,0.0
2025-11-16 02:41:19.715724,140.105,140.16731,140.16731,0.0
2025-11-16 02:41:20.015773,140.105,140.167253,140.167253,0.0
2025-11-16 02:41:20.117770,140.105,140.167196,140.167196,0.0
2025-11-16 02:41:20.215622,140.105,140.16714,140.16714,0.0
2025-11-16 02:41:20.316028,140.125,140.167101,140.167101,0.0
2025-11-16 02:41:20.416233,140.125,140.167063,140.167063,0.0
2025-11-16 02:41:20.515091,140.125,140.167025,140.167025,0.0
2025-11-16 02:41:20.615267,140.125,140.166986,140.166986,0.0
2025-11-16 02:41:20.717015,140.125,140.166948,140.166948,0.0
2025-11-16 02:41:20.815395,140.125,140.16691,140.16691,0.0
2025-11-16 02:41:21.025064,140.125,140.166872,140.166872,0.0
2025-11-16 02:41:21.115566,140.125,140.166834,140.166834,0.0
2025-11-16 02:41:21.316456,140.125,140.166796,140.166796,0.0
2025-11-16 02:41:21.515415,140.125,140.166759,140.166759,0.0
2025-11-16 02:41:21.615741,140.135,140.16673,140.16673,0.0
2025-11-16 02:41:21.715669,140.135,140.166701,140.166701,0.0
2025-11-16 02:41:21.815791,140.135,140.166673,140.166673,0.0
2025-11-16 02:41:21.917517,140.145,140.166653,140.166653,0.0
2025-11-16 02:41:22.015497,140.145,140.166634,140.166634,0.0
2025-11-16 02:41:22.116014,140.145,140.166614,140.166614,0.0
2025-11-16 02:41:22.215880,140.155,140.166604,140.166604,0.0
2025-11-16 02:41:22.316169,140.155,140.166593,140.166593,0.0
2025-11-16 02:41:22.415392,140.165,140.166592,140.166592,0.0
2025-11-16 02:41:22.515656,140.165,140.166591,140.166591,0.0
2025-11-16 02:41:22.616240,140.165,140.166589,140.166589,0.0
2025-11-16 02:41:22.716103,140.165,140.166588,140.166588,0.0
2025-11-16 02:41:22.815410,140.165,140.166586,140.166586,0.0
2025-11-16 02:41:22.915397,140.165,140.166585,140.166585,0.0
2025-11-16 02:41:23.015091,140.165,140.166583,140.166583,0.0
2025-11-16 02:41:23.119029,140.165,140.166582,140.166582,0.0
2025-11-16 02:41:23.315581,140.165,140.166581,140.166581,0.0
2025-11-16 02:41:23.415607,140.165,140.166579,140.166579,0.0
2025-11-16 02:41:23.515456,140.165,140.166578,140.166578,0.0
2025-11-16 02:41:23.615554,140.165,140.166576,140.166576,0.0
2025-11-16 02:41:23.715555,140.165,140.166575,140.166575,0.0
2025-11-16 02:41:24.017322,140.165,140.166574,140.166574,0.0
2025-11-16 02:41:24.116695,140.165,140.166572,140.166572,0.0
2025-11-16 02:41:24.215554,140.165,140.166571,140.166571,0.0
2025-11-16 02:41:24.316170,140.165,140.166569,140.166569,0.0
2025-11-16 02:41:24.515148,140.165,140.166568,140.166568,0.0
2025-11-16 02:41:24.615681,140.155,140.166558,140.166558,0.0
2025-11-16 02:41:24.716532,140.155,140.166548,140.166548,0.0
2025-11-16 02:41:24.816328,140.135,140.16652,140.16652,0.0
2025-11-16 02:41:24.915862,140.135,140.166492,140.166492,0.0
2025-11-16 02:41:25.023861,140.135,140.166464,140.166464,0.0
2025-11-16 02:41:25.115624,140.145,140.166446,140.166446,0.0
2025-11-16 02:41:25.216093,140.145,140.166427,140.166427,0.0
2025-11-16 02:41:25.315672,140.145,140.166408,140.166408,0.0
2025-11-16 02:41:25.415224,140.145,140.166389,140.166389,0.0
2025-11-16 02:41:25.615736,140.145,140.16637,140.16637,0.0
2025-11-16 02:41:25.715976,140.165,140.166369,140.166369,0.0
2025-11-16 02:41:25.816204,140.165,140.166368,140.166368,0.0
2025-11-16 02:41:26.115964,140.165,140.166367,140.166367,0.0
2025-11-16 02:41:26.316170,140.165,140.166366,140.166366,0.0
2025-11-16 02:41:26.415110,140.165,140.166364,140.166364,0.0
2025-11-16 02:41:26.615544,140.165,140.166363,140.166363,0.0
2025-11-16 02:41:26.717954,140.165,140.166362,140.166362,0.0
2025-11-16 02:41:26.815954,140.165,140.166361,140.166361,0.0
2025-11-16 02:41:27.017899,140.165,140.16636,140.16636,0.0
2025-11-16 02:41:27.115828,140.165,140.166359,140.166359,0.0
2025-11-16 02:41:27.215930,140.165,140.166357,140.166357,0.0
2025-11-16 02:41:27.315446,140.165,140.166356,140.166356,0.0
2025-11-16 02:41:27.415827,140.165,140.166355,140.166355,0.0
2025-11-16 02:41:27.615536,140.165,140.166354,140.166354,0.0
2025-11-16 02:41:27.716282,140.165,140.166353,140.166353,0.0
2025-11-16 02:41:27.915858,140.165,140.166351,140.166351,0.0
2025-11-16 02:41:28.015934,140.175,140.166359,140.166359,0.0
2025-11-16 02:41:28.115702,140.175,140.166366,140.166366,0.0
2025-11-16 02:41:28.215370,140.175,140.166374,140.166374,0.0
2025-11-16 02:41:28.415675,140.175,140.166381,140.166381,0.0
2025-11-16 02:41:28.815770,140.175,140.166389,140.166389,0.0
2025-11-16 02:41:28.915632,140.175,140.166396,140.166396,0.0
2025-11-16 02:41:29.020790,140.175,140.166403,140.166403,0.0
2025-11-16 02:41:29.115623,140.175,140.166411,140.166411,0.0
2025-11-16 02:41:29.315824,140.175,140.166418,140.166418,0.0
2025-11-16 02:41:29.414598,140.175,140.166426,140.166426,0.0
2025-11-16 02:41:29.516156,140.175,140.166433,140.166433,0.0
2025-11-16 02:41:30.137267,140.175,140.16644,140.16644,0.0
2025-11-16 02:41:30.216949,140.175,140.166447,140.166447,0.0
2025-11-16 02:41:30.316763,140.175,140.166455,140.166455,0.0
2025-11-16 02:41:30.417808,140.175,140.166462,140.166462,0.0
2025-11-16 02:41:30.649668,140.175,140.166469,140.166469,0.0
2025-11-16 02:41:30.717684,140.175,140.166477,140.166477,0.0
2025-11-16 02:41:30.840637,140.175,140.166484,140.166484,0.0
2025-11-16 02:41:30.916173,140.175,140.166491,140.166491,0.0
2025-11-16 02:41:31.218294,140.175,140.166498,140.166498,0.0
2025-11-16 02:41:31.364822,140.175,140.166506,140.166506,0.0
2025-11-16 02:41:31.417013,140.175,140.166513,140.166513,0.0
2025-11-16 02:41:31.698861,140.175,140.16652,140.16652,0.0
2025-11-16 02:41:31.718404,140.175,140.166527,140.166527,0.0
2025-11-16 02:41:31.890345,140.175,140.166534,140.166534,0.0
2025-11-16 02:41:32.117896,140.175,140.166541,140.166541,0.0
2025-11-16 02:41:32.222093,140.175,140.166549,140.166549,0.0
2025-11-16 02:41:32.318492,140.175,140.166556,140.166556,0.0
2025-11-16 02:41:32.415553,140.175,140.166563,140.166563,0.0
2025-11-16 02:41:32.748442,140.175,140.16657,140.16657,0.0
2025-11-16 02:41:32.817239,140.175,140.166577,140.166577,0.0
2025-11-16 02:41:32.938066,140.175,140.166584,140.166584,0.0
2025-11-16 02:41:33.115894,140.175,140.166591,140.166591,0.0
2025-11-16 02:41:33.318780,140.175,140.166598,140.166598,0.0
2025-11-16 02:41:33.620598,140.175,140.166605,140.166605,0.0
2025-11-16 02:41:33.796123,140.195,140.166629,140.166629,0.0
2025-11-16 02:41:33.816608,140.195,140.166653,140.166653,0.0
2025-11-16 02:41:33.986442,140.195,140.166676,140.166676,0.0
2025-11-16 02:41:34.016588,140.195,140.1667,140.1667,0.0
2025-11-16 02:41:34.117041,140.195,140.166724,140.166724,0.0
2025-11-16 02:41:34.216950,140.195,140.166747,140.166747,0.0
2025-11-16 02:41:34.416276,140.195,140.166771,140.166771,0.0
2025-11-16 02:41:34.514693,140.195,140.166794,140.166794,0.0
2025-11-16 02:41:34.616348,140.195,140.166818,140.166818,0.0
2025-11-16 02:41:34.717593,140.195,140.166841,140.166841,0.0
2025-11-16 02:41:34.843860,140.205,140.166873,140.166873,0.0
2025-11-16 02:41:34.916944,140.215,140.166913,140.166913,0.0
2025-11-16 02:41:35.035703,140.215,140.166953,140.166953,0.0
2025-11-16 02:41:35.116358,140.225,140.167001,140.167001,0.0
2025-11-16 02:41:35.216459,140.225,140.167049,140.167049,0.0
2025-11-16 02:41:35.368046,140.225,140.167097,140.167097,0.0
2025-11-16 02:41:35.417323,140.225,140.167145,140.167145,0.0
2025-11-16 02:41:35.559195,140.225,140.167192,140.167192,0.0
2025-11-16 02:41:35.617146,140.225,140.16724,140.16724,0.0
2025-11-16 02:41:35.717122,140.225,140.167288,140.167288,0.0
2025-11-16 02:41:35.889372,140.225,140.167335,140.167335,0.0
2025-11-16 02:41:35.917109,140.225,140.167383,140.167383,0.0
2025-11-16 02:41:36.084597,140.225,140.16743,140.16743,0.0
2025-11-16 02:41:36.217315,140.225,140.167477,140.167477,0.0
2025-11-16 02:41:36.316577,140.225,140.167525,140.167525,0.0
2025-11-16 02:41:36.516981,140.225,140.167572,140.167572,0.0
2025-11-16 02:41:36.617673,140.225,140.167619,140.167619,0.0
2025-11-16 02:41:36.716504,140.225,140.167666,140.167666,0.0
2025-11-16 02:41:36.816011,140.225,140.167713,140.167713,0.0
2025-11-16 02:41:36.940482,140.225,140.16776,140.16776,0.0
2025-11-16 02:41:37.217103,140.225,140.167806,140.167806,0.0
2025-11-16 02:41:37.317165,140.225,140.167853,140.167853,0.0
2025-11-16 02:41:37.465390,140.225,140.1679,140.1679,0.0
2025-11-16 02:41:37.517110,140.225,140.167946,140.167946,0.0
2025-11-16 02:41:37.656373,140.255,140.168017,140.168017,0.0
2025-11-16 02:41:37.717173,140.265,140.168096,140.168096,0.0
2025-11-16 02:41:37.816844,140.275,140.168183,140.168183,0.0
2025-11-16 02:41:37.990238,140.275,140.16827,140.16827,0.0
2025-11-16 02:41:38.016345,140.275,140.168356,140.168356,0.0
2025-11-16 02:41:38.181273,140.275,140.168443,140.168443,0.0
2025-11-16 02:41:38.216676,140.275,140.168529,140.168529,0.0
2025-11-16 02:41:38.316750,140.275,140.168615,140.168615,0.0
2025-11-16 02:41:38.419209,140.275,140.168701,140.168701,0.0
2025-11-16 02:41:38.515651,140.275,140.168787,140.168787,0.0
2025-11-16 02:41:38.703391,140.275,140.168873,140.168873,0.0
2025-11-16 02:41:38.717190,140.275,140.168959,140.168959,0.0
2025-11-16 02:41:38.916113,140.275,140.169044,140.169044,0.0
2025-11-16 02:41:39.038129,140.275,140.16913,140.16913,0.0
2025-11-16 02:41:39.115729,140.275,140.169215,140.169215,0.0
2025-11-16 02:41:39.229432,140.275,140.1693,140.1693,0.0
2025-11-16 02:41:39.316613,140.275,140.169385,140.169385,0.0
2025-11-16 02:41:39.415831,140.275,140.16947,140.16947,0.0
2025-11-16 02:41:39.616170,140.275,140.169555,140.169555,0.0
2025-11-16 02:41:39.754085,140.275,140.169639,140.169639,0.0
2025-11-16 02:41:39.916519,140.275,140.169724,140.169724,0.0
2025-11-16 02:41:40.116222,140.275,140.169808,140.169808,0.0
2025-11-16 02:41:40.278230,140.275,140.169892,140.169892,0.0
2025-11-16 02:41:40.316899,140.275,140.169976,140.169976,0.0
2025-11-16 02:41:40.417321,140.275,140.17006,140.17006,0.0
2025-11-16 02:41:40.616851,140.275,140.170144,140.170144,0.0
2025-11-16 02:41:40.800555,140.275,140.170227,140.170227,0.0
2025-11-16 02:41:40.817782,140.275,140.170311,140.170311,0.0
2025-11-16 02:41:40.917518,140.275,140.170394,140.170394,0.0
2025-11-16 02:41:41.025871,140.275,140.170477,140.170477,0.0
2025-11-16 02:41:41.217640,140.275,140.17056,140.17056,0.0
2025-11-16 02:41:41.325143,140.275,140.170643,140.170643,0.0
2025-11-16 02:41:41.516451,140.275,140.170726,140.170726,0.0
2025-11-16 02:41:41.716513,140.275,140.170809,140.170809,0.0
2025-11-16 02:41:42.016604,140.275,140.170891,140.170891,0.0
2025-11-16 02:41:42.183118,140.275,140.170974,140.170974,0.0
2025-11-16 02:41:42.217030,140.275,140.171056,140.171056,0.0
2025-11-16 02:41:42.374627,140.275,140.171138,140.171138,0.0
2025-11-16 02:41:42.416736,140.275,140.17122,140.17122,0.0
2025-11-16 02:41:42.517522,140.275,140.171302,140.171302,0.0
2025-11-16 02:41:42.707146,140.275,140.171384,140.171384,0.0
2025-11-16 02:41:42.916204,140.265,140.171458,140.171458,0.0
2025-11-16 02:41:43.016613,140.255,140.171524,140.171524,0.0
2025-11-16 02:41:43.115532,140.245,140.171581,140.171581,0.0
2025-11-16 02:41:43.232534,140.255,140.171647,140.171647,0.0
2025-11-16 02:41:43.315545,140.255,140.171712,140.171712,0.0
2025-11-16 02:41:43.423386,140.255,140.171778,140.171778,0.0
2025-11-16 02:41:43.516427,140.255,140.171843,140.171843,0.0
2025-11-16 02:41:43.615559,140.255,140.171908,140.171908,0.0
2025-11-16 02:41:43.757629,140.255,140.171973,140.171973,0.0
2025-11-16 02:41:43.947533,140.255,140.172038,140.172038,0.0
2025-11-16 02:41:44.017123,140.255,140.172103,140.172103,0.0
2025-11-16 02:41:44.116574,140.255,140.172168,140.172168,0.0
2025-11-16 02:41:44.280625,140.255,140.172233,140.172233,0.0
2025-11-16 02:41:44.316518,140.255,140.172297,140.172297,0.0
2025-11-16 02:41:44.471859,140.255,140.172362,140.172362,0.0
2025-11-16 02:41:44.617148,140.255,140.172426,140.172426,0.0
2025-11-16 02:41:44.803579,140.255,140.17249,140.17249,0.0
2025-11-16 02:41:44.816933,140.255,140.172554,140.172554,0.0
2025-11-16 02:41:45.024916,140.255,140.172618,140.172618,0.0
2025-11-16 02:41:45.117909,140.255,140.172682,140.172682,0.0
2025-11-16 02:41:45.417879,140.255,140.172746,140.172746,0.0
2025-11-16 02:41:45.617742,140.255,140.17281,140.17281,0.0
2025-11-16 02:41:45.853683,140.255,140.172874,140.172874,0.0
2025-11-16 02:41:45.917878,140.255,140.172937,140.172937,0.0
2025-11-16 02:41:46.044507,140.255,140.173001,140.173001,0.0
2025-11-16 02:41:46.116087,140.255,140.173064,140.173064,0.0
2025-11-16 02:41:46.216815,140.255,140.173127,140.173127,0.0
2025-11-16 02:41:46.377460,140.255,140.173191,140.173191,0.0
2025-11-16 02:41:46.417096,140.255,140.173254,140.173254,0.0
2025-11-16 02:41:46.567982,140.235,140.173301,140.173301,0.0
2025-11-16 02:41:46.617232,140.235,140.173349,140.173349,0.0
2025-11-16 02:41:46.716639,140.235,140.173396,140.173396,0.0
2025-11-16 02:41:46.902534,140.225,140.173436,140.173436,0.0
2025-11-16 02:41:46.917123,140.225,140.173475,140.173475,0.0
2025-11-16 02:41:47.093166,140.225,140.173515,140.173515,0.0
2025-11-16 02:41:47.116348,140.225,140.173554,140.173554,0.0
2025-11-16 02:41:47.217003,140.225,140.173594,140.173594,0.0
2025-11-16 02:41:47.424399,140.225,140.173633,140.173633,0.0
2025-11-16 02:41:47.718107,140.225,140.173673,140.173673,0.0
2025-11-16 02:41:47.816048,140.225,140.173712,140.173712,0.0
2025-11-16 02:41:47.950265,140.225,140.173751,140.173751,0.0
2025-11-16 02:41:48.022564,140.225,140.17379,140.17379,0.0
2025-11-16 02:41:48.717542,140.225,140.173829,140.173829,0.0
2025-11-16 02:41:48.817466,140.225,140.173868,140.173868,0.0
2025-11-16 02:41:48.998580,140.225,140.173907,140.173907,0.0
2025-11-16 02:41:49.219247,140.225,140.173946,140.173946,0.0
2025-11-16 02:41:49.317494,140.225,140.173985,140.173985,0.0
2025-11-16 02:41:49.416253,140.225,140.174024,140.174024,0.0
2025-11-16 02:41:49.521046,140.225,140.174062,140.174062,0.0
2025-11-16 02:41:49.716098,140.245,140.174116,140.174116,0.0
2025-11-16 02:41:49.819275,140.245,140.17417,140.17417,0.0
2025-11-16 02:41:49.917423,140.245,140.174223,140.174223,0.0
2025-11-16 02:41:50.047742,140.235,140.174269,140.174269,0.0
2025-11-16 02:41:50.116203,140.235,140.174315,140.174315,0.0
2025-11-16 02:41:50.238033,140.235,140.174361,140.174361,0.0
2025-11-16 02:41:50.317910,140.235,140.174407,140.174407,0.0
2025-11-16 02:41:50.416324,140.235,140.174453,140.174453,0.0
2025-11-16 02:41:50.571760,140.235,140.174498,140.174498,0.0
2025-11-16 02:41:50.760865,140.235,140.174544,140.174544,0.0
2025-11-16 02:41:50.917918,140.235,140.17459,140.17459,0.0
2025-11-16 02:41:51.096315,140.235,140.174635,140.174635,0.0
2025-11-16 02:41:51.316509,140.245,140.174688,140.174688,0.0
2025-11-16 02:41:51.416837,140.245,140.174741,140.174741,0.0
2025-11-16 02:41:51.817891,140.245,140.174794,140.174794,0.0
2025-11-16 02:41:51.916262,140.245,140.174846,140.174846,0.0
2025-11-16 02:41:52.144876,140.245,140.174899,140.174899,0.0
2025-11-16 02:41:52.217094,140.245,140.174951,140.174951,0.0
2025-11-16 02:41:52.335773,140.245,140.175004,140.175004,0.0
2025-11-16 02:41:52.415712,140.245,140.175056,140.175056,0.0
2025-11-16 02:41:52.515107,140.245,140.175108,140.175108,0.0
2025-11-16 02:41:52.858799,140.245,140.175161,140.175161,0.0
2025-11-16 02:41:53.018528,140.245,140.175213,140.175213,0.0
2025-11-16 02:41:53.193634,140.245,140.175265,140.175265,0.0
2025-11-16 02:41:53.384146,140.245,140.175317,140.175317,0.0
2025-11-16 02:41:53.417205,140.245,140.175369,140.175369,0.0
2025-11-16 02:41:53.516236,140.245,140.17542,140.17542,0.0
2025-11-16 02:41:53.817877,140.245,140.175472,140.175472,0.0
2025-11-16 02:41:54.016614,140.245,140.175524,140.175524,0.0
2025-11-16 02:41:54.240253,140.255,140.175583,140.175583,0.0
2025-11-16 02:41:54.316662,140.255,140.175642,140.175642,0.0
2025-11-16 02:41:54.616253,140.255,140.175701,140.175701,0.0
2025-11-16 02:41:54.766357,140.255,140.175759,140.175759,0.0
2025-11-16 02:41:54.956445,140.255,140.175818,140.175818,0.0
2025-11-16 02:41:55.024821,140.255,140.175876,140.175876,0.0
2025-11-16 02:41:55.117456,140.255,140.175935,140.175935,0.0
2025-11-16 02:41:55.289751,140.255,140.175993,140.175993,0.0
2025-11-16 02:41:55.316748,140.255,140.176052,140.176052,0.0
2025-11-16 02:41:55.479797,140.245,140.176103,140.176103,0.0
2025-11-16 02:41:55.516485,140.245,140.176153,140.176153,0.0
2025-11-16 02:41:55.618405,140.245,140.176204,140.176204,0.0
2025-11-16 02:41:56.005219,140.245,140.176255,140.176255,0.0
2025-11-16 02:41:56.116612,140.245,140.176305,140.176305,0.0
2025-11-16 02:41:56.216034,140.245,140.176356,140.176356,0.0
2025-11-16 02:41:56.338386,140.245,140.176406,140.176406,0.0
2025-11-16 02:41:56.417069,140.245,140.176456,140.176456,0.0
2025-11-16 02:41:56.529775,140.245,140.176507,140.176507,0.0
2025-11-16 02:41:56.716059,140.245,140.176557,140.176557,0.0
2025-11-16 02:41:56.862893,140.245,140.176607,140.176607,0.0
2025-11-16 02:41:56.917692,140.245,140.176657,140.176657,0.0
2025-11-16 02:41:57.054351,140.245,140.176707,140.176707,0.0
2025-11-16 02:41:57.118636,140.245,140.176757,140.176757,0.0
2025-11-16 02:41:57.217101,140.245,140.176807,140.176807,0.0
2025-11-16 02:41:57.387311,140.245,140.176856,140.176856,0.0
2025-11-16 02:41:57.418285,140.245,140.176906,140.176906,0.0
2025-11-16 02:41:57.578565,140.245,140.176956,140.176956,0.0
2025-11-16 02:41:57.618032,140.245,140.177005,140.177005,0.0
2025-11-16 02:41:57.717085,140.245,140.177055,140.177055,0.0
2025-11-16 02:41:58.103270,140.245,140.177104,140.177104,0.0
2025-11-16 02:41:58.117273,140.245,140.177153,140.177153,0.0
2025-11-16 02:41:58.318770,140.245,140.177202,140.177202,0.0
2025-11-16 02:41:58.433992,140.245,140.177252,140.177252,0.0
2025-11-16 02:41:58.516444,140.245,140.177301,140.177301,0.0
2025-11-16 02:41:58.628359,140.245,140.17735,140.17735,0.0
2025-11-16 02:41:58.716528,140.245,140.177399,140.177399,0.0
2025-11-16 02:41:58.817153,140.245,140.177448,140.177448,0.0
2025-11-16 02:41:58.959905,140.245,140.177496,140.177496,0.0
2025-11-16 02:41:59.023623,140.245,140.177545,140.177545,0.0
2025-11-16 02:41:59.150912,140.245,140.177594,140.177594,0.0
2025-11-16 02:41:59.816921,140.245,140.177642,140.177642,0.0
2025-11-16 02:42:00.217742,140.245,140.177691,140.177691,0.0
2025-11-16 02:42:00.317093,140.245,140.177739,140.177739,0.0
2025-11-16 02:42:00.417609,140.245,140.177788,140.177788,0.0
2025-11-16 02:42:00.531636,140.245,140.177836,140.177836,0.0
2025-11-16 02:42:00.617535,140.245,140.177884,140.177884,0.0
2025-11-16 02:42:00.717941,140.245,140.177933,140.177933,0.0
2025-11-16 02:42:00.817524,140.245,140.177981,140.177981,0.0
2025-11-16 02:42:00.917289,140.245,140.178029,140.178029,0.0
2025-11-16 02:42:01.058615,140.245,140.178077,140.178077,0.0
2025-11-16 02:42:01.116702,140.225,140.17811,140.17811,0.0
2025-11-16 02:42:01.217639,140.225,140.178144,140.178144,0.0
2025-11-16 02:42:01.316737,140.225,140.178177,140.178177,0.0
2025-11-16 02:42:01.416939,140.225,140.178211,140.178211,0.0
2025-11-16 02:42:01.582143,140.225,140.178244,140.178244,0.0
2025-11-16 02:42:01.618604,140.235,140.178285,140.178285,0.0
2025-11-16 02:42:01.716814,140.245,140.178332,140.178332,0.0
2025-11-16 02:42:01.817223,140.245,140.17838,140.17838,0.0
2025-11-16 02:42:01.917035,140.245,140.178427,140.178427,0.0
2025-11-16 02:42:02.104982,140.245,140.178474,140.178474,0.0
2025-11-16 02:42:02.120342,140.245,140.178522,140.178522,0.0
2025-11-16 02:42:02.217398,140.245,140.178569,140.178569,0.0
2025-11-16 02:42:02.316674,140.245,140.178616,140.178616,0.0
2025-11-16 02:42:02.416605,140.265,140.178677,140.178677,0.0
2025-11-16 02:42:02.516271,140.265,140.178738,140.178738,0.0
2025-11-16 02:42:02.626805,140.265,140.1788,140.1788,0.0
2025-11-16 02:42:02.717163,140.265,140.178861,140.178861,0.0
2025-11-16 02:42:02.817654,140.265,140.178921,140.178921,0.0
2025-11-16 02:42:02.916625,140.265,140.178982,140.178982,0.0
2025-11-16 02:42:03.015789,140.265,140.179043,140.179043,0.0
2025-11-16 02:42:03.118924,140.275,140.179111,140.179111,0.0
2025-11-16 02:42:03.216054,140.275,140.179178,140.179178,0.0
2025-11-16 02:42:03.315857,140.275,140.179246,140.179246,0.0
2025-11-16 02:42:03.415962,140.275,140.179313,140.179313,0.0
2025-11-16 02:42:03.615892,140.275,140.179381,140.179381,0.0
2025-11-16 02:42:03.716230,140.275,140.179448,140.179448,0.0
2025-11-16 02:42:03.816059,140.275,140.179515,140.179515,0.0
2025-11-16 02:42:03.917010,140.275,140.179582,140.179582,0.0
2025-11-16 02:42:04.116152,140.265,140.179642,140.179642,0.0
2025-11-16 02:42:04.216305,140.255,140.179695,140.179695,0.0
2025-11-16 02:42:04.315805,140.255,140.179748,140.179748,0.0
2025-11-16 02:42:04.415829,140.255,140.1798,140.1798,0.0
2025-11-16 02:42:04.516700,140.255,140.179853,140.179853,0.0
2025-11-16 02:42:04.618177,140.255,140.179906,140.179906,0.0
2025-11-16 02:42:04.716440,140.275,140.179972,140.179972,0.0
2025-11-16 02:42:04.816443,140.285,140.180045,140.180045,0.0
2025-11-16 02:42:04.916084,140.285,140.180119,140.180119,0.0
2025-11-16 02:42:05.015905,140.285,140.180192,140.180192,0.0
2025-11-16 02:42:05.116500,140.285,140.180265,140.180265,0.0
2025-11-16 02:42:05.217023,140.285,140.180338,140.180338,0.0
2025-11-16 02:42:05.315986,140.285,140.180411,140.180411,0.0
2025-11-16 02:42:05.415909,140.285,140.180483,140.180483,0.0
2025-11-16 02:42:05.517026,140.285,140.180556,140.180556,0.0
2025-11-16 02:42:05.616341,140.285,140.180628,140.180628,0.0
2025-11-16 02:42:05.717369,140.285,140.180701,140.180701,0.0
2025-11-16 02:42:05.916417,140.285,140.180773,140.180773,0.0
2025-11-16 02:42:06.016080,140.285,140.180845,140.180845,0.0
2025-11-16 02:42:06.316489,140.285,140.180918,140.180918,0.0
2025-11-16 02:42:06.616479,140.285,140.18099,140.18099,0.0
2025-11-16 02:42:06.816790,140.265,140.181048,140.181048,0.0
2025-11-16 02:42:06.917102,140.265,140.181106,140.181106,0.0
2025-11-16 02:42:07.118104,140.265,140.181164,140.181164,0.0
2025-11-16 02:42:07.217200,140.265,140.181222,140.181222,0.0
2025-11-16 02:42:07.316730,140.265,140.181279,140.181279,0.0
2025-11-16 02:42:07.415909,140.265,140.181337,140.181337,0.0
2025-11-16 02:42:07.516483,140.265,140.181395,140.181395,0.0
2025-11-16 02:42:07.716000,140.265,140.181452,140.181452,0.0
2025-11-16 02:42:07.816022,140.265,140.18151,140.18151,0.0
2025-11-16 02:42:07.918401,140.265,140.181567,140.181567,0.0
2025-11-16 02:42:08.016086,140.265,140.181624,140.181624,0.0
2025-11-16 02:42:08.116382,140.265,140.181682,140.181682,0.0
2025-11-16 02:42:08.416069,140.265,140.181739,140.181739,0.0
2025-11-16 02:42:08.516084,140.265,140.181796,140.181796,0.0
2025-11-16 02:42:08.716421,140.265,140.181853,140.181853,0.0
2025-11-16 02:42:08.816056,140.265,140.18191,140.18191,0.0
2025-11-16 02:42:08.916184,140.265,140.181966,140.181966,0.0
2025-11-16 02:42:09.015992,140.265,140.182023,140.182023,0.0
2025-11-16 02:42:09.116807,140.265,140.18208,140.18208,0.0
2025-11-16 02:42:09.217025,140.265,140.182137,140.182137,0.0
2025-11-16 02:42:09.315696,140.265,140.182193,140.182193,0.0
2025-11-16 02:42:09.416289,140.265,140.182249,140.182249,0.0
2025-11-16 02:42:09.916932,140.265,140.182306,140.182306,0.0
2025-11-16 02:42:10.216059,140.265,140.182362,140.182362,0.0
2025-11-16 02:42:10.316567,140.265,140.182418,140.182418,0.0
2025-11-16 02:42:10.416793,140.265,140.182475,140.182475,0.0
2025-11-16 02:42:10.616059,140.265,140.182531,140.182531,0.0
2025-11-16 02:42:10.715926,140.265,140.182587,140.182587,0.0
2025-11-16 02:42:11.021605,140.265,140.182642,140.182642,0.0
2025-11-16 02:42:11.117596,140.265,140.182698,140.182698,0.0
2025-11-16 02:42:11.315911,140.265,140.182754,140.182754,0.0
2025-11-16 02:42:11.416851,140.265,140.18281,140.18281,0.0
2025-11-16 02:42:11.815964,140.265,140.182865,140.182865,0.0
2025-11-16 02:42:11.916289,140.265,140.182921,140.182921,0.0
2025-11-16 02:42:12.216701,140.265,140.182976,140.182976,0.0
2025-11-16 02:42:12.316445,140.265,140.183032,140.183032,0.0
2025-11-16 02:42:12.416003,140.265,140.183087,140.183087,0.0
2025-11-16 02:42:12.516827,140.265,140.183142,140.183142,0.0
2025-11-16 02:42:12.616188,140.265,140.183197,140.183197,0.0
2025-11-16 02:42:12.916136,140.265,140.183253,140.183253,0.0
2025-11-16 02:42:13.016131,140.265,140.183308,140.183308,0.0
2025-11-16 02:42:13.115992,140.265,140.183362,140.183362,0.0
2025-11-16 02:42:13.216310,140.235,140.183397,140.183397,0.0
2025-11-16 02:42:13.317705,140.235,140.183432,140.183432,0.0
2025-11-16 02:42:13.416133,140.235,140.183466,140.183466,0.0
2025-11-16 02:42:13.516253,140.235,140.183501,140.183501,0.0
2025-11-16 02:42:13.816604,140.235,140.183536,140.183536,0.0
2025-11-16 02:42:13.915290,140.235,140.18357,140.18357,0.0
2025-11-16 02:42:14.117724,140.235,140.183604,140.183604,0.0
2025-11-16 02:42:14.416337,140.235,140.183639,140.183639,0.0
2025-11-16 02:42:14.516447,140.235,140.183673,140.183673,0.0
2025-11-16 02:42:14.616479,140.235,140.183707,140.183707,0.0
2025-11-16 02:42:14.716665,140.235,140.183742,140.183742,0.0
2025-11-16 02:42:14.819374,140.235,140.183776,140.183776,0.0
2025-11-16 02:42:14.915779,140.235,140.18381,140.18381,0.0
2025-11-16 02:42:15.116086,140.235,140.183844,140.183844,0.0
2025-11-16 02:42:15.216344,140.235,140.183878,140.183878,0.0
2025-11-16 02:42:15.316690,140.235,140.183912,140.183912,0.0
2025-11-16 02:42:15.416213,140.235,140.183946,140.183946,0.0
2025-11-16 02:42:15.516794,140.235,140.18398,140.18398,0.0
2025-11-16 02:42:15.616600,140.235,140.184014,140.184014,0.0
2025-11-16 02:42:15.816355,140.215,140.184035,140.184035,0.0
2025-11-16 02:42:15.916132,140.215,140.184055,140.184055,0.0
2025-11-16 02:42:16.015924,140.215,140.184076,140.184076,0.0
2025-11-16 02:42:16.216186,140.215,140.184096,140.184096,0.0
2025-11-16 02:42:16.315636,140.225,140.184123,140.184123,0.0
2025-11-16 02:42:16.416137,140.225,140.18415,140.18415,0.0
2025-11-16 02:42:16.519042,140.225,140.184177,140.184177,0.0
2025-11-16 02:42:16.615595,140.225,140.184204,140.184204,0.0
2025-11-16 02:42:16.716819,140.225,140.184231,140.184231,0.0
2025-11-16 02:42:16.916248,140.225,140.184258,140.184258,0.0
2025-11-16 02:42:17.116686,140.225,140.184285,140.184285,0.0
2025-11-16 02:42:17.216772,140.225,140.184312,140.184312,0.0
2025-11-16 02:42:17.315852,140.215,140.184332,140.184332,0.0
2025-11-16 02:42:17.415934,140.205,140.184345,140.184345,0.0
2025-11-16 02:42:17.518083,140.205,140.184359,140.184359,0.0
2025-11-16 02:42:17.616609,140.185,140.184359,140.184359,0.0
2025-11-16 02:42:17.716330,140.185,140.18436,140.18436,0.0
2025-11-16 02:42:17.916488,140.185,140.18436,140.18436,0.0
2025-11-16 02:42:18.018090,140.185,140.184361,140.184361,0.0
2025-11-16 02:42:18.318519,140.185,140.184361,140.184361,0.0
2025-11-16 02:42:18.516817,140.185,140.184361,140.184361,0.0
2025-11-16 02:42:18.616339,140.185,140.184362,140.184362,0.0
2025-11-16 02:42:18.816116,140.185,140.184362,140.184362,0.0
2025-11-16 02:42:18.916054,140.195,140.184369,140.184369,0.0
2025-11-16 02:42:19.016071,140.195,140.184376,140.184376,0.0
2025-11-16 02:42:19.116231,140.195,140.184383,140.184383,0.0
2025-11-16 02:42:19.216487,140.195,140.18439,140.18439,0.0
2025-11-16 02:42:19.416703,140.195,140.184397,140.184397,0.0
2025-11-16 02:42:19.516262,140.195,140.184404,140.184404,0.0
2025-11-16 02:42:19.616849,140.195,140.184411,140.184411,0.0
2025-11-16 02:42:19.716204,140.195,140.184418,140.184418,0.0
2025-11-16 02:42:19.816246,140.195,140.184425,140.184425,0.0
2025-11-16 02:42:20.015914,140.195,140.184431,140.184431,0.0
2025-11-16 02:42:20.118244,140.195,140.184438,140.184438,0.0
2025-11-16 02:42:20.216538,140.195,140.184445,140.184445,0.0
2025-11-16 02:42:20.716708,140.195,140.184452,140.184452,0.0
2025-11-16 02:42:20.816024,140.195,140.184459,140.184459,0.0
2025-11-16 02:42:20.916436,140.195,140.184466,140.184466,0.0
2025-11-16 02:42:21.018037,140.195,140.184472,140.184472,0.0
2025-11-16 02:42:21.318387,140.195,140.184479,140.184479,0.0
2025-11-16 02:42:21.416109,140.195,140.184486,140.184486,0.0
2025-11-16 02:42:21.516308,140.185,140.184486,140.184486,0.0
2025-11-16 02:42:21.616218,140.185,140.184487,140.184487,0.0
2025-11-16 02:42:21.716166,140.185,140.184487,140.184487,0.0
2025-11-16 02:42:21.816736,140.185,140.184487,140.184487,0.0
2025-11-16 02:42:21.916150,140.195,140.184494,140.184494,0.0
2025-11-16 02:42:22.016276,140.195,140.184501,140.184501,0.0
2025-11-16 02:42:22.116505,140.195,140.184508,140.184508,0.0
2025-11-16 02:42:22.216430,140.195,140.184514,140.184514,0.0
2025-11-16 02:42:22.316281,140.195,140.184521,140.184521,0.0
2025-11-16 02:42:22.418357,140.195,140.184528,140.184528,0.0
2025-11-16 02:42:22.517547,140.195,140.184535,140.184535,0.0
2025-11-16 02:42:22.615841,140.195,140.184541,140.184541,0.0
2025-11-16 02:42:22.716488,140.195,140.184548,140.184548,0.0
2025-11-16 02:42:22.816063,140.195,140.184555,140.184555,0.0
2025-11-16 02:42:22.916849,140.195,140.184561,140.184561,0.0
2025-11-16 02:42:23.016257,140.195,140.184568,140.184568,0.0
2025-11-16 02:42:23.116069,140.195,140.184575,140.184575,0.0
2025-11-16 02:42:23.218197,140.195,140.184581,140.184581,0.0
2025-11-16 02:42:23.316206,140.195,140.184588,140.184588,0.0
2025-11-16 02:42:23.716262,140.195,140.184595,140.184595,0.0
2025-11-16 02:42:24.016760,140.195,140.184601,140.184601,0.0
2025-11-16 02:42:24.116309,140.195,140.184608,140.184608,0.0
2025-11-16 02:42:24.216444,140.195,140.184615,140.184615,0.0
2025-11-16 02:42:24.316531,140.195,140.184621,140.184621,0.0
2025-11-16 02:42:24.416090,140.195,140.184628,140.184628,0.0
2025-11-16 02:42:24.515911,140.195,140.184634,140.184634,0.0
2025-11-16 02:42:24.616564,140.195,140.184641,140.184641,0.0
2025-11-16 02:42:24.716110,140.195,140.184648,140.184648,0.0
2025-11-16 02:42:24.916145,140.195,140.184654,140.184654,0.0
2025-11-16 02:42:25.016068,140.195,140.184661,140.184661,0.0
2025-11-16 02:42:25.118256,140.195,140.184667,140.184667,0.0
2025-11-16 02:42:25.217226,140.195,140.184674,140.184674,0.0
2025-11-16 02:42:25.315937,140.195,140.18468,140.18468,0.0
2025-11-16 02:42:25.416761,140.195,140.184687,140.184687,0.0
2025-11-16 02:42:25.516508,140.195,140.184693,140.184693,0.0
2025-11-16 02:42:25.618942,140.195,140.1847,140.1847,0.0
2025-11-16 02:42:25.716177,140.195,140.184706,140.184706,0.0
2025-11-16 02:42:25.816192,140.195,140.184713,140.184713,0.0
2025-11-16 02:42:25.916304,140.195,140.184719,140.184719,0.0
2025-11-16 02:42:26.016035,140.195,140.184726,140.184726,0.0
2025-11-16 02:42:26.216323,140.195,140.184732,140.184732,0.0
2025-11-16 02:42:26.318077,140.195,140.184739,140.184739,0.0
2025-11-16 02:42:26.416484,140.195,140.184745,140.184745,0.0
2025-11-16 02:42:26.516349,140.195,140.184752,140.184752,0.0
2025-11-16 02:42:26.616310,140.195,140.184758,140.184758,0.0
2025-11-16 02:42:26.716373,140.195,140.184765,140.184765,0.0
2025-11-16 02:42:26.915996,140.195,140.184771,140.184771,0.0
2025-11-16 02:42:27.016278,140.195,140.184777,140.184777,0.0
2025-11-16 02:42:27.116761,140.195,140.184784,140.184784,0.0
2025-11-16 02:42:27.216493,140.195,140.18479,140.18479,0.0
2025-11-16 02:42:27.316631,140.195,140.184797,140.184797,0.0
2025-11-16 02:42:27.415914,140.195,140.184803,140.184803,0.0
2025-11-16 02:42:27.618677,140.195,140.184809,140.184809,0.0
2025-11-16 02:42:27.816872,140.195,140.184816,140.184816,0.0
2025-11-16 02:42:27.916568,140.195,140.184822,140.184822,0.0
2025-11-16 02:42:28.016527,140.195,140.184828,140.184828,0.0
2025-11-16 02:42:28.116324,140.195,140.184835,140.184835,0.0
2025-11-16 02:42:28.217212,140.195,140.184841,140.184841,0.0
2025-11-16 02:42:28.315827,140.195,140.184847,140.184847,0.0
2025-11-16 02:42:28.418024,140.185,140.184848,140.184848,0.0
2025-11-16 02:42:28.516142,140.185,140.184848,140.184848,0.0
2025-11-16 02:42:28.817077,140.185,140.184848,140.184848,0.0
2025-11-16 02:42:28.916774,140.185,140.184848,140.184848,0.0
2025-11-16 02:42:29.016063,140.185,140.184848,140.184848,0.0
2025-11-16 02:42:29.116185,140.185,140.184848,140.184848,0.0
2025-11-16 02:42:29.219742,140.185,140.184848,140.184848,0.0
2025-11-16 02:42:29.416263,140.185,140.184848,140.184848,0.0
2025-11-16 02:42:29.516124,140.185,140.184848,140.184848,0.0
2025-11-16 02:42:29.716298,140.185,140.184848,140.184848,0.0
2025-11-16 02:42:29.916833,140.185,140.184848,140.184848,0.0
2025-11-16 02:42:30.117487,140.185,140.184849,140.184849,0.0
2025-11-16 02:42:30.318653,140.185,140.184849,140.184849,0.0
2025-11-16 02:42:30.523881,140.185,140.184849,140.184849,0.0
2025-11-16 02:42:30.716362,140.185,140.184849,140.184849,0.0
2025-11-16 02:42:30.916599,140.185,140.184849,140.184849,0.0
2025-11-16 02:42:31.016340,140.185,140.184849,140.184849,0.0
2025-11-16 02:42:31.116206,140.185,140.184849,140.184849,0.0
2025-11-16 02:42:31.218907,140.185,140.184849,140.184849,0.0
2025-11-16 02:42:31.516450,140.185,140.184849,140.184849,0.0
2025-11-16 02:42:31.817955,140.185,140.184849,140.184849,0.0
2025-11-16 02:42:31.916250,140.185,140.18485,140.18485,0.0
2025-11-16 02:42:32.016834,140.185,140.18485,140.18485,0.0
2025-11-16 02:42:32.116702,140.185,140.18485,140.18485,0.0
2025-11-16 02:42:32.217000,140.185,140.18485,140.18485,0.0
2025-11-16 02:42:32.316543,140.185,140.18485,140.18485,0.0
2025-11-16 02:42:32.416553,140.185,140.18485,140.18485,0.0
2025-11-16 02:42:32.516961,140.185,140.18485,140.18485,0.0
2025-11-16 02:42:32.718249,140.185,140.18485,140.18485,0.0
2025-11-16 02:42:32.917144,140.185,140.18485,140.18485,0.0
2025-11-16 02:42:33.016511,140.185,140.18485,140.18485,0.0
2025-11-16 02:42:33.316848,140.185,140.18485,140.18485,0.0
2025-11-16 02:42:33.416254,140.185,140.184851,140.184851,0.0
2025-11-16 02:42:33.616109,140.185,140.184851,140.184851,0.0
2025-11-16 02:42:33.716554,140.185,140.184851,140.184851,0.0
2025-11-16 02:42:33.917036,140.185,140.184851,140.184851,0.0
2025-11-16 02:42:34.016139,140.185,140.184851,140.184851,0.0
2025-11-16 02:42:34.216049,140.185,140.184851,140.184851,0.0
2025-11-16 02:42:34.316548,140.185,140.184851,140.184851,0.0
2025-11-16 02:42:34.418423,140.185,140.184851,140.184851,0.0
2025-11-16 02:42:34.816106,140.185,140.184851,140.184851,0.0
2025-11-16 02:42:34.916145,140.185,140.184851,140.184851,0.0
2025-11-16 02:42:35.016522,140.185,140.184851,140.184851,0.0
2025-11-16 02:42:35.117017,140.185,140.184852,140.184852,0.0
2025-11-16 02:42:35.319078,140.185,140.184852,140.184852,0.0
2025-11-16 02:42:35.416952,140.185,140.184852,140.184852,0.0
2025-11-16 02:42:35.516694,140.185,140.184852,140.184852,0.0
2025-11-16 02:42:35.916702,140.185,140.184852,140.184852,0.0
2025-11-16 02:42:36.016515,140.185,140.184852,140.184852,0.0
2025-11-16 02:42:36.316008,140.185,140.184852,140.184852,0.0
2025-11-16 02:42:36.617862,140.185,140.184852,140.184852,0.0
2025-11-16 02:42:36.718072,140.185,140.184852,140.184852,0.0
2025-11-16 02:42:36.816113,140.185,140.184852,140.184852,0.0
2025-11-16 02:42:36.916672,140.185,140.184852,140.184852,0.0
2025-11-16 02:42:37.016982,140.185,140.184852,140.184852,0.0
2025-11-16 02:42:37.116944,140.185,140.184853,140.184853,0.0
2025-11-16 02:42:37.219613,140.185,140.184853,140.184853,0.0
2025-11-16 02:42:37.415669,140.185,140.184853,140.184853,0.0
2025-11-16 02:42:37.616977,140.185,140.184853,140.184853,0.0
2025-11-16 02:42:37.716192,140.185,140.184853,140.184853,0.0
2025-11-16 02:42:37.816639,140.185,140.184853,140.184853,0.0
2025-11-16 02:42:37.918011,140.185,140.184853,140.184853,0.0
2025-11-16 02:42:38.016829,140.185,140.184853,140.184853,0.0
2025-11-16 02:42:38.118751,140.185,140.184853,140.184853,0.0
2025-11-16 02:42:38.216532,140.185,140.184853,140.184853,0.0
2025-11-16 02:42:38.317514,140.185,140.184853,140.184853,0.0
2025-11-16 02:42:38.416934,140.185,140.184854,140.184854,0.0
2025-11-16 02:42:38.516842,140.185,140.184854,140.184854,0.0
2025-11-16 02:42:38.616730,140.185,140.184854,140.184854,0.0
2025-11-16 02:42:39.016119,140.185,140.184854,140.184854,0.0
2025-11-16 02:42:39.116135,140.185,140.184854,140.184854,0.0
2025-11-16 02:42:39.216767,140.185,140.184854,140.184854,0.0
2025-11-16 02:42:39.316560,140.185,140.184854,140.184854,0.0
2025-11-16 02:42:39.418095,140.185,140.184854,140.184854,0.0
2025-11-16 02:42:39.516778,140.185,140.184854,140.184854,0.0
2025-11-16 02:42:39.616297,140.185,140.184854,140.184854,0.0
2025-11-16 02:42:39.816693,140.185,140.184854,140.184854,0.0
2025-11-16 02:42:39.916995,140.185,140.184855,140.184855,0.0
2025-11-16 02:42:40.016418,140.185,140.184855,140.184855,0.0
2025-11-16 02:42:40.119127,140.185,140.184855,140.184855,0.0
2025-11-16 02:42:40.217018,140.185,140.184855,140.184855,0.0
2025-11-16 02:42:40.317028,140.185,140.184855,140.184855,0.0
2025-11-16 02:42:40.516307,140.185,140.184855,140.184855,0.0
2025-11-16 02:42:40.817894,140.185,140.184855,140.184855,0.0
2025-11-16 02:42:40.916952,140.185,140.184855,140.184855,0.0
2025-11-16 02:42:41.016551,140.185,140.184855,140.184855,0.0
2025-11-16 02:42:41.116272,140.185,140.184855,140.184855,0.0
2025-11-16 02:42:41.216819,140.185,140.184855,140.184855,0.0
2025-11-16 02:42:41.416699,140.185,140.184855,140.184855,0.0
2025-11-16 02:42:41.516664,140.185,140.184856,140.184856,0.0
2025-11-16 02:42:41.616060,140.185,140.184856,140.184856,0.0
2025-11-16 02:42:41.718926,140.185,140.184856,140.184856,0.0
2025-11-16 02:42:41.916245,140.185,140.184856,140.184856,0.0
2025-11-16 02:42:42.016720,140.185,140.184856,140.184856,0.0
2025-11-16 02:42:42.116101,140.185,140.184856,140.184856,0.0
2025-11-16 02:42:42.316341,140.185,140.184856,140.184856,0.0
2025-11-16 02:42:42.415577,140.185,140.184856,140.184856,0.0
2025-11-16 02:42:42.516685,140.185,140.184856,140.184856,0.0
2025-11-16 02:42:42.616525,140.185,140.184856,140.184856,0.0
2025-11-16 02:42:42.818332,140.185,140.184856,140.184856,0.0
2025-11-16 02:42:42.916695,140.185,140.184856,140.184856,0.0
2025-11-16 02:42:43.117143,140.185,140.184857,140.184857,0.0
2025-11-16 02:42:43.216910,140.185,140.184857,140.184857,0.0
2025-11-16 02:42:43.516308,140.185,140.184857,140.184857,0.0
2025-11-16 02:42:43.818336,140.185,140.184857,140.184857,0.0
2025-11-16 02:42:44.017154,140.185,140.184857,140.184857,0.0
2025-11-16 02:42:44.216199,140.185,140.184857,140.184857,0.0
2025-11-16 02:42:44.416348,140.185,140.184857,140.184857,0.0
2025-11-16 02:42:44.516157,140.185,140.184857,140.184857,0.0
2025-11-16 02:42:44.719545,140.185,140.184857,140.184857,0.0
2025-11-16 02:42:44.816282,140.185,140.184857,140.184857,0.0
2025-11-16 02:42:45.217554,140.185,140.184857,140.184857,0.0
2025-11-16 02:42:45.318580,140.185,140.184857,140.184857,0.0
2025-11-16 02:42:45.516152,140.185,140.184858,140.184858,0.0
2025-11-16 02:42:45.616560,140.185,140.184858,140.184858,0.0
2025-11-16 02:42:45.717493,140.185,140.184858,140.184858,0.0
2025-11-16 02:42:45.816290,140.185,140.184858,140.184858,0.0
2025-11-16 02:42:46.018920,140.185,140.184858,140.184858,0.0
2025-11-16 02:42:46.316502,140.185,140.184858,140.184858,0.0
2025-11-16 02:42:46.416454,140.185,140.184858,140.184858,0.0
2025-11-16 02:42:46.516568,140.185,140.184858,140.184858,0.0
2025-11-16 02:42:46.716462,140.185,140.184858,140.184858,0.0
2025-11-16 02:42:47.115840,140.185,140.184858,140.184858,0.0
2025-11-16 02:42:47.218659,140.185,140.184858,140.184858,0.0
2025-11-16 02:42:47.516327,140.185,140.184858,140.184858,0.0
2025-11-16 02:42:47.616545,140.185,140.184859,140.184859,0.0
2025-11-16 02:42:47.716594,140.185,140.184859,140.184859,0.0
2025-11-16 02:42:47.916518,140.185,140.184859,140.184859,0.0
2025-11-16 02:42:48.018300,140.185,140.184859,140.184859,0.0
2025-11-16 02:42:48.117061,140.185,140.184859,140.184859,0.0
2025-11-16 02:42:48.217019,140.185,140.184859,140.184859,0.0
2025-11-16 02:42:48.316361,140.185,140.184859,140.184859,0.0
2025-11-16 02:42:48.516343,140.185,140.184859,140.184859,0.0
2025-11-16 02:42:48.618466,140.185,140.184859,140.184859,0.0
2025-11-16 02:42:48.716454,140.185,140.184859,140.184859,0.0
2025-11-16 02:42:48.816870,140.185,140.184859,140.184859,0.0
2025-11-16 02:42:48.916672,140.185,140.184859,140.184859,0.0
2025-11-16 02:42:49.216959,140.185,140.18486,140.18486,0.0
2025-11-16 02:42:49.416747,140.185,140.18486,140.18486,0.0
2025-11-16 02:42:49.518405,140.185,140.18486,140.18486,0.0
2025-11-16 02:42:49.616246,140.185,140.18486,140.18486,0.0
2025-11-16 02:42:49.717247,140.185,140.18486,140.18486,0.0
2025-11-16 02:42:49.816377,140.185,140.18486,140.18486,0.0
2025-11-16 02:42:49.916457,140.185,140.18486,140.18486,0.0
2025-11-16 02:42:50.016435,140.185,140.18486,140.18486,0.0
2025-11-16 02:42:50.118921,140.185,140.18486,140.18486,0.0
2025-11-16 02:42:50.518698,140.185,140.18486,140.18486,0.0
2025-11-16 02:42:50.817614,140.185,140.18486,140.18486,0.0
2025-11-16 02:42:50.916336,140.185,140.18486,140.18486,0.0
2025-11-16 02:42:51.017208,140.185,140.18486,140.18486,0.0
2025-11-16 02:42:51.217518,140.185,140.184861,140.184861,0.0
2025-11-16 02:42:51.317217,140.185,140.184861,140.184861,0.0
2025-11-16 02:42:51.416517,140.185,140.184861,140.184861,0.0
2025-11-16 02:42:51.516166,140.185,140.184861,140.184861,0.0
2025-11-16 02:42:51.618395,140.185,140.184861,140.184861,0.0
2025-11-16 02:42:51.716987,140.185,140.184861,140.184861,0.0
2025-11-16 02:42:51.816950,140.185,140.184861,140.184861,0.0
2025-11-16 02:42:51.917158,140.185,140.184861,140.184861,0.0
2025-11-16 02:42:52.116812,140.185,140.184861,140.184861,0.0
2025-11-16 02:42:52.216621,140.185,140.184861,140.184861,0.0
2025-11-16 02:42:52.516310,140.185,140.184861,140.184861,0.0
2025-11-16 02:42:52.617030,140.185,140.184861,140.184861,0.0
2025-11-16 02:42:52.716602,140.185,140.184862,140.184862,0.0
2025-11-16 02:42:52.816360,140.185,140.184862,140.184862,0.0
2025-11-16 02:42:53.018725,140.185,140.184862,140.184862,0.0
2025-11-16 02:42:53.116593,140.185,140.184862,140.184862,0.0
2025-11-16 02:42:53.216879,140.185,140.184862,140.184862,0.0
2025-11-16 02:42:53.316800,140.185,140.184862,140.184862,0.0
2025-11-16 02:42:53.417119,140.185,140.184862,140.184862,0.0
2025-11-16 02:42:53.516512,140.185,140.184862,140.184862,0.0
2025-11-16 02:42:53.716954,140.185,140.184862,140.184862,0.0
2025-11-16 02:42:53.916510,140.185,140.184862,140.184862,0.0
2025-11-16 02:42:54.218541,140.185,140.184862,140.184862,0.0
2025-11-16 02:42:54.416647,140.185,140.184862,140.184862,0.0
2025-11-16 02:42:54.519060,140.185,140.184862,140.184862,0.0
2025-11-16 02:42:54.616710,140.185,140.184863,140.184863,0.0
2025-11-16 02:42:54.716987,140.185,140.184863,140.184863,0.0
2025-11-16 02:42:54.916520,140.185,140.184863,140.184863,0.0
2025-11-16 02:42:55.017055,140.185,140.184863,140.184863,0.0
2025-11-16 02:42:55.218577,140.185,140.184863,140.184863,0.0
2025-11-16 02:42:55.316765,140.185,140.184863,140.184863,0.0
2025-11-16 02:42:55.416559,140.185,140.184863,140.184863,0.0
2025-11-16 02:42:55.516357,140.185,140.184863,140.184863,0.0
2025-11-16 02:42:55.818489,140.185,140.184863,140.184863,0.0
2025-11-16 02:42:55.916835,140.185,140.184863,140.184863,0.0
2025-11-16 02:42:56.017450,140.185,140.184863,140.184863,0.0
2025-11-16 02:42:56.116340,140.185,140.184863,140.184863,0.0
2025-11-16 02:42:56.316894,140.185,140.184863,140.184863,0.0
2025-11-16 02:42:56.416334,140.185,140.184864,140.184864,0.0
2025-11-16 02:42:56.618509,140.185,140.184864,140.184864,0.0
2025-11-16 02:42:56.817279,140.185,140.184864,140.184864,0.0
2025-11-16 02:42:57.017714,140.185,140.184864,140.184864,0.0
2025-11-16 02:42:57.117455,140.185,140.184864,140.184864,0.0
2025-11-16 02:42:57.316750,140.185,140.184864,140.184864,0.0
2025-11-16 02:42:57.616475,140.185,140.184864,140.184864,0.0
2025-11-16 02:42:57.718724,140.185,140.184864,140.184864,0.0
2025-11-16 02:42:57.916597,140.185,140.184864,140.184864,0.0
2025-11-16 02:42:58.217031,140.185,140.184864,140.184864,0.0
2025-11-16 02:42:58.319595,140.185,140.184864,140.184864,0.0
2025-11-16 02:42:58.416636,140.185,140.184864,140.184864,0.0
2025-11-16 02:42:58.516218,140.185,140.184864,140.184864,0.0
2025-11-16 02:42:58.615814,140.185,140.184864,140.184864,0.0
2025-11-16 02:42:58.816675,140.185,140.184865,140.184865,0.0
2025-11-16 02:42:59.117272,140.185,140.184865,140.184865,0.0
2025-11-16 02:42:59.216891,140.185,140.184865,140.184865,0.0
2025-11-16 02:42:59.316250,140.185,140.184865,140.184865,0.0
2025-11-16 02:42:59.816811,140.185,140.184865,140.184865,0.0
2025-11-16 02:42:59.916418,140.185,140.184865,140.184865,0.0
2025-11-16 02:43:00.019227,140.185,140.184865,140.184865,0.0
2025-11-16 02:43:00.216854,140.185,140.184865,140.184865,0.0
2025-11-16 02:43:00.316469,140.185,140.184865,140.184865,0.0
2025-11-16 02:43:00.417074,140.185,140.184865,140.184865,0.0
2025-11-16 02:43:00.516694,140.185,140.184865,140.184865,0.0
2025-11-16 02:43:00.619151,140.185,140.184865,140.184865,0.0
2025-11-16 02:43:00.716461,140.185,140.184865,140.184865,0.0
2025-11-16 02:43:00.816731,140.185,140.184866,140.184866,0.0
2025-11-16 02:43:00.917454,140.185,140.184866,140.184866,0.0
2025-11-16 02:43:01.016633,140.185,140.184866,140.184866,0.0
2025-11-16 02:43:01.116487,140.185,140.184866,140.184866,0.0
2025-11-16 02:43:01.218829,140.185,140.184866,140.184866,0.0
2025-11-16 02:43:01.316781,140.185,140.184866,140.184866,0.0
2025-11-16 02:43:01.418364,140.185,140.184866,140.184866,0.0
2025-11-16 02:43:01.516871,140.185,140.184866,140.184866,0.0
2025-11-16 02:43:01.616688,140.175,140.184861,140.184861,0.0
2025-11-16 02:43:01.717216,140.185,140.184861,140.184861,0.0
2025-11-16 02:43:01.818036,140.185,140.184861,140.184861,0.0
2025-11-16 02:43:01.916793,140.185,140.184861,140.184861,0.0
2025-11-16 02:43:02.016644,140.185,140.184861,140.184861,0.0
2025-11-16 02:43:02.116975,140.185,140.184861,140.184861,0.0
2025-11-16 02:43:02.218441,140.185,140.184861,140.184861,0.0
2025-11-16 02:43:02.316296,140.185,140.184861,140.184861,0.0
2025-11-16 02:43:02.415385,140.185,140.184861,140.184861,0.0
2025-11-16 02:43:02.519431,140.185,140.184861,140.184861,0.0
2025-11-16 02:43:02.616824,140.185,140.184861,140.184861,0.0
2025-11-16 02:43:02.817455,140.185,140.184861,140.184861,0.0
2025-11-16 02:43:02.917058,140.185,140.184862,140.184862,0.0
2025-11-16 02:43:03.016714,140.185,140.184862,140.184862,0.0
2025-11-16 02:43:03.117174,140.185,140.184862,140.184862,0.0
2025-11-16 02:43:03.218725,140.185,140.184862,140.184862,0.0
2025-11-16 02:43:03.316942,140.185,140.184862,140.184862,0.0
2025-11-16 02:43:03.416279,140.185,140.184862,140.184862,0.0
2025-11-16 02:43:03.617019,140.185,140.184862,140.184862,0.0
2025-11-16 02:43:03.916887,140.185,140.184862,140.184862,0.0
2025-11-16 02:43:04.116809,140.185,140.184862,140.184862,0.0
2025-11-16 02:43:04.217223,140.185,140.184862,140.184862,0.0
2025-11-16 02:43:04.417005,140.185,140.184862,140.184862,0.0
2025-11-16 02:43:04.616791,140.185,140.184862,140.184862,0.0
2025-11-16 02:43:04.716555,140.185,140.184862,140.184862,0.0
2025-11-16 02:43:04.917297,140.185,140.184863,140.184863,0.0
2025-11-16 02:43:05.016672,140.185,140.184863,140.184863,0.0
2025-11-16 02:43:05.116720,140.185,140.184863,140.184863,0.0
2025-11-16 02:43:05.316466,140.185,140.184863,140.184863,0.0
2025-11-16 02:43:05.419249,140.185,140.184863,140.184863,0.0
2025-11-16 02:43:05.516537,140.185,140.184863,140.184863,0.0
2025-11-16 02:43:05.717557,140.185,140.184863,140.184863,0.0
2025-11-16 02:43:05.816682,140.185,140.184863,140.184863,0.0
2025-11-16 02:43:05.917187,140.185,140.184863,140.184863,0.0
2025-11-16 02:43:06.018195,140.185,140.184863,140.184863,0.0
2025-11-16 02:43:06.419557,140.185,140.184863,140.184863,0.0
2025-11-16 02:43:06.517307,140.225,140.184885,140.184885,0.0
2025-11-16 02:43:06.616877,140.225,140.184906,140.184906,0.0
2025-11-16 02:43:06.717345,140.245,140.184938,140.184938,0.0
2025-11-16 02:43:06.816607,140.245,140.184971,140.184971,0.0
2025-11-16 02:43:06.916390,140.245,140.185003,140.185003,0.0
2025-11-16 02:43:07.017644,140.245,140.185035,140.185035,0.0
2025-11-16 02:43:07.116952,140.245,140.185067,140.185067,0.0
2025-11-16 02:43:07.216939,140.245,140.185099,140.185099,0.0
2025-11-16 02:43:07.317814,140.245,140.185131,140.185131,0.0
2025-11-16 02:43:07.415215,140.245,140.185163,140.185163,0.0
2025-11-16 02:43:07.618329,140.245,140.185195,140.185195,0.0
2025-11-16 02:43:07.716624,140.245,140.185226,140.185226,0.0
2025-11-16 02:43:08.017244,140.245,140.185258,140.185258,0.0
2025-11-16 02:43:08.116648,140.245,140.18529,140.18529,0.0
2025-11-16 02:43:08.319188,140.245,140.185322,140.185322,0.0
2025-11-16 02:43:08.416322,140.245,140.185354,140.185354,0.0
2025-11-16 02:43:08.516829,140.245,140.185385,140.185385,0.0
2025-11-16 02:43:08.617640,140.235,140.185412,140.185412,0.0
2025-11-16 02:43:08.716792,140.225,140.185433,140.185433,0.0
2025-11-16 02:43:08.817051,140.225,140.185454,140.185454,0.0
2025-11-16 02:43:08.917156,140.225,140.185475,140.185475,0.0
2025-11-16 02:43:09.017858,140.225,140.185495,140.185495,0.0
2025-11-16 02:43:09.116440,140.225,140.185516,140.185516,0.0
2025-11-16 02:43:09.216398,140.225,140.185537,140.185537,0.0
2025-11-16 02:43:09.318259,140.225,140.185558,140.185558,0.0
2025-11-16 02:43:09.417307,140.225,140.185579,140.185579,0.0
2025-11-16 02:43:09.516534,140.225,140.1856,140.1856,0.0
2025-11-16 02:43:09.617341,140.225,140.185621,140.185621,0.0
2025-11-16 02:43:09.817023,140.225,140.185641,140.185641,0.0
2025-11-16 02:43:09.916612,140.225,140.185662,140.185662,0.0
2025-11-16 02:43:10.116874,140.225,140.185683,140.185683,0.0
2025-11-16 02:43:10.317078,140.225,140.185704,140.185704,0.0
2025-11-16 02:43:10.418363,140.225,140.185724,140.185724,0.0
2025-11-16 02:43:10.517396,140.225,140.185745,140.185745,0.0
2025-11-16 02:43:10.617169,140.225,140.185766,140.185766,0.0
2025-11-16 02:43:10.717563,140.225,140.185786,140.185786,0.0
2025-11-16 02:43:10.818177,140.225,140.185807,140.185807,0.0
2025-11-16 02:43:10.917481,140.225,140.185828,140.185828,-0.0
2025-11-16 02:43:11.116927,140.225,140.185848,140.185848,-0.0
2025-11-16 02:43:11.416379,140.225,140.185869,140.185869,-0.0
2025-11-16 02:43:11.517057,140.235,140.185895,140.185895,-0.0
2025-11-16 02:43:11.616766,140.235,140.18592,140.18592,-0.0
2025-11-16 02:43:11.716285,140.235,140.185946,140.185946,-0.0
2025-11-16 02:43:11.918590,140.245,140.185977,140.185977,-0.0
2025-11-16 02:43:12.017613,140.245,140.186008,140.186008,-0.0
2025-11-16 02:43:12.117242,140.245,140.186039,140.186039,-0.0
2025-11-16 02:43:12.217469,140.245,140.18607,140.18607,-0.0
2025-11-16 02:43:12.317030,140.245,140.1861,140.1861,-0.0
2025-11-16 02:43:12.417294,140.245,140.186131,140.186131,-0.0
2025-11-16 02:43:12.616640,140.245,140.186162,140.186162,-0.0
2025-11-16 02:43:12.716882,140.245,140.186193,140.186193,-0.0
2025-11-16 02:43:12.817471,140.245,140.186223,140.186223,-0.0
2025-11-16 02:43:12.918335,140.245,140.186254,140.186254,-0.0
2025-11-16 02:43:13.019137,140.245,140.186285,140.186285,-0.0
2025-11-16 02:43:13.117912,140.245,140.186315,140.186315,-0.0
2025-11-16 02:43:13.217443,140.245,140.186346,140.186346,-0.0
2025-11-16 02:43:13.516897,140.245,140.186376,140.186376,-0.0
2025-11-16 02:43:13.816650,140.245,140.186407,140.186407,-0.0
2025-11-16 02:43:13.916829,140.245,140.186437,140.186437,-0.0
2025-11-16 02:43:14.119067,140.225,140.186457,140.186457,-0.0
2025-11-16 02:43:14.217022,140.225,140.186477,140.186477,-0.0
2025-11-16 02:43:14.317207,140.225,140.186497,140.186497,-0.0
2025-11-16 02:43:14.416661,140.225,140.186517,140.186517,-0.0
2025-11-16 02:43:14.516702,140.225,140.186537,140.186537,-0.0
2025-11-16 02:43:14.716726,140.225,140.186557,140.186557,-0.0
2025-11-16 02:43:15.120662,140.225,140.186577,140.186577,-0.0
2025-11-16 02:43:15.217115,140.225,140.186597,140.186597,-0.0
2025-11-16 02:43:15.317446,140.235,140.186622,140.186622,-0.0
2025-11-16 02:43:15.416564,140.235,140.186647,140.186647,-0.0
2025-11-16 02:43:15.516828,140.235,140.186672,140.186672,-0.0
2025-11-16 02:43:15.617161,140.235,140.186697,140.186697,-0.0
2025-11-16 02:43:15.717347,140.235,140.186722,140.186722,-0.0
2025-11-16 02:43:15.816898,140.235,140.186747,140.186747,-0.0
2025-11-16 02:43:16.217398,140.235,140.186772,140.186772,-0.0
2025-11-16 02:43:16.316620,140.245,140.186802,140.186802,-0.0
2025-11-16 02:43:16.416410,140.245,140.186832,140.186832,-0.0
2025-11-16 02:43:16.716760,140.245,140.186861,140.186861,-0.0
2025-11-16 02:43:16.817202,140.245,140.186891,140.186891,-0.0
2025-11-16 02:43:16.916713,140.245,140.186921,140.186921,-0.0
2025-11-16 02:43:17.116747,140.245,140.186951,140.186951,-0.0
2025-11-16 02:43:17.219055,140.245,140.186981,140.186981,-0.0
2025-11-16 02:43:17.316794,140.245,140.187011,140.187011,-0.0
2025-11-16 02:43:17.417452,140.245,140.187041,140.187041,-0.0
2025-11-16 02:43:17.516695,140.235,140.187065,140.187065,-0.0
2025-11-16 02:43:17.616813,140.235,140.18709,140.18709,-0.0
2025-11-16 02:43:17.717044,140.235,140.187114,140.187114,-0.0
2025-11-16 02:43:18.019195,140.225,140.187134,140.187134,-0.0
2025-11-16 02:43:18.116898,140.225,140.187153,140.187153,-0.0
2025-11-16 02:43:18.218120,140.225,140.187172,140.187172,-0.0
2025-11-16 02:43:18.317489,140.225,140.187192,140.187192,-0.0
2025-11-16 02:43:18.417092,140.225,140.187211,140.187211,-0.0
2025-11-16 02:43:18.516584,140.225,140.18723,140.18723,-0.0
2025-11-16 02:43:18.616909,140.225,140.18725,140.18725,-0.0
2025-11-16 02:43:18.717093,140.225,140.187269,140.187269,-0.0
2025-11-16 02:43:19.116709,140.225,140.187288,140.187288,-0.0
2025-11-16 02:43:19.217049,140.235,140.187313,140.187313,-0.0
2025-11-16 02:43:19.317714,140.235,140.187337,140.187337,-0.0
2025-11-16 02:43:19.517338,140.235,140.187361,140.187361,-0.0
2025-11-16 02:43:19.618809,140.235,140.187385,140.187385,-0.0
2025-11-16 02:43:19.716789,140.235,140.18741,140.18741,-0.0
2025-11-16 02:43:19.917162,140.235,140.187434,140.187434,-0.0
2025-11-16 02:43:20.016659,140.235,140.187458,140.187458,-0.0
2025-11-16 02:43:20.216497,140.235,140.187482,140.187482,-0.0
2025-11-16 02:43:20.317597,140.235,140.187506,140.187506,-0.0
2025-11-16 02:43:20.517269,140.235,140.18753,140.18753,-0.0
2025-11-16 02:43:20.617258,140.235,140.187555,140.187555,-0.0
2025-11-16 02:43:20.717471,140.235,140.187579,140.187579,-0.0
2025-11-16 02:43:21.016662,140.235,140.187603,140.187603,-0.0
2025-11-16 02:43:21.217025,140.235,140.187627,140.187627,-0.0
2025-11-16 02:43:21.316735,140.235,140.187651,140.187651,-0.0
2025-11-16 02:43:21.516979,140.235,140.187675,140.187675,-0.0
2025-11-16 02:43:21.616771,140.235,140.187699,140.187699,-0.0
2025-11-16 02:43:21.718859,140.235,140.187722,140.187722,-0.0
2025-11-16 02:43:21.915903,140.235,140.187746,140.187746,-0.0
2025-11-16 02:43:22.016861,140.235,140.18777,140.18777,-0.0
2025-11-16 02:43:22.117089,140.235,140.187794,140.187794,-0.0
2025-11-16 02:43:22.216989,140.235,140.187818,140.187818,-0.0
2025-11-16 02:43:22.416827,140.235,140.187842,140.187842,-0.0
2025-11-16 02:43:22.518372,140.235,140.187865,140.187865,-0.0
2025-11-16 02:43:22.717315,140.265,140.187904,140.187904,-0.0
2025-11-16 02:43:22.817027,140.275,140.187948,140.187948,-0.0
2025-11-16 02:43:22.916872,140.285,140.187997,140.187997,-0.0
2025-11-16 02:43:23.016843,140.285,140.188046,140.188046,-0.0
2025-11-16 02:43:23.117041,140.285,140.188095,140.188095,-0.0
2025-11-16 02:43:23.217236,140.285,140.188143,140.188143,-0.0
2025-11-16 02:43:23.318744,140.285,140.188192,140.188192,-0.0
2025-11-16 02:43:23.516850,140.295,140.188245,140.188245,-0.0
2025-11-16 02:43:23.616813,140.305,140.188304,140.188304,-0.0
2025-11-16 02:43:23.716958,140.305,140.188363,140.188363,-0.0
2025-11-16 02:43:23.816656,140.305,140.188421,140.188421,-0.0
2025-11-16 02:43:24.017174,140.305,140.188479,140.188479,-0.0
2025-11-16 02:43:24.117142,140.305,140.188538,140.188538,-0.0
2025-11-16 02:43:24.217858,140.305,140.188596,140.188596,-0.0
2025-11-16 02:43:24.316854,140.305,140.188654,140.188654,-0.0
2025-11-16 02:43:24.419171,140.305,140.188712,140.188712,-0.0
2025-11-16 02:43:24.617366,140.305,140.188771,140.188771,-0.0
2025-11-16 02:43:24.716849,140.305,140.188829,140.188829,-0.0
2025-11-16 02:43:24.817154,140.305,140.188887,140.188887,-0.0
2025-11-16 02:43:24.917474,140.305,140.188945,140.188945,-0.0
2025-11-16 02:43:25.020551,140.305,140.189002,140.189002,-0.0
2025-11-16 02:43:25.117571,140.305,140.18906,140.18906,-0.0
2025-11-16 02:43:25.218537,140.305,140.189118,140.189118,-0.0
2025-11-16 02:43:25.318745,140.315,140.189181,140.189181,-0.0
2025-11-16 02:43:25.416761,140.315,140.189243,140.189243,-0.0
2025-11-16 02:43:25.516852,140.315,140.189306,140.189306,-0.0
2025-11-16 02:43:25.616828,140.315,140.189368,140.189368,-0.0
2025-11-16 02:43:25.717307,140.315,140.189431,140.189431,-0.0
2025-11-16 02:43:25.816966,140.315,140.189493,140.189493,-0.0
2025-11-16 02:43:25.916756,140.315,140.189556,140.189556,-0.0
2025-11-16 02:43:26.017607,140.315,140.189618,140.189618,-0.0
2025-11-16 02:43:26.116878,140.315,140.18968,140.18968,-0.0
2025-11-16 02:43:26.217091,140.315,140.189742,140.189742,-0.0
2025-11-16 02:43:26.318551,140.315,140.189804,140.189804,-0.0
2025-11-16 02:43:26.417501,140.315,140.189866,140.189866,-0.0
2025-11-16 02:43:26.516873,140.325,140.189933,140.189933,-0.0
2025-11-16 02:43:26.617040,140.325,140.19,140.19,-0.0
2025-11-16 02:43:26.717118,140.325,140.190067,140.190067,-0.0
2025-11-16 02:43:26.816741,140.355,140.190148,140.190148,-0.0
2025-11-16 02:43:26.916677,140.355,140.19023,140.19023,-0.0
2025-11-16 02:43:27.018120,140.355,140.190311,140.190311,-0.0
2025-11-16 02:43:27.117469,140.355,140.190392,140.190392,-0.0
2025-11-16 02:43:27.217910,140.355,140.190474,140.190474,-0.0
2025-11-16 02:43:27.318088,140.355,140.190555,140.190555,-0.0
2025-11-16 02:43:27.418962,140.355,140.190636,140.190636,-0.0
2025-11-16 02:43:27.617200,140.355,140.190717,140.190717,-0.0
2025-11-16 02:43:27.716928,140.355,140.190798,140.190798,-0.0
2025-11-16 02:43:28.117112,140.355,140.190878,140.190878,-0.0
2025-11-16 02:43:28.217157,140.355,140.190959,140.190959,-0.0
2025-11-16 02:43:28.319642,140.355,140.19104,140.19104,-0.0
2025-11-16 02:43:28.516753,140.355,140.19112,140.19112,-0.0
2025-11-16 02:43:28.617560,140.355,140.191201,140.191201,-0.0
2025-11-16 02:43:28.716703,140.355,140.191281,140.191281,-0.0
2025-11-16 02:43:28.817689,140.355,140.191362,140.191362,-0.0
2025-11-16 02:43:28.916975,140.355,140.191442,140.191442,-0.0
2025-11-16 02:43:29.016925,140.325,140.191507,140.191507,-0.0
2025-11-16 02:43:29.116797,140.315,140.191568,140.191568,-0.0
2025-11-16 02:43:29.216782,140.285,140.191614,140.191614,-0.0
2025-11-16 02:43:29.316439,140.275,140.191654,140.191654,-0.0
2025-11-16 02:43:29.415985,140.265,140.19169,140.19169,-0.0
2025-11-16 02:43:29.516886,140.265,140.191726,140.191726,-0.0
2025-11-16 02:43:29.616525,140.265,140.191762,140.191762,-0.0
2025-11-16 02:43:29.717191,140.265,140.191798,140.191798,-0.0
2025-11-16 02:43:29.817253,140.265,140.191833,140.191833,-0.0
2025-11-16 02:43:29.916848,140.275,140.191874,140.191874,-0.0
2025-11-16 02:43:30.016453,140.275,140.191915,140.191915,-0.0
2025-11-16 02:43:30.318664,140.275,140.191955,140.191955,-0.0
2025-11-16 02:43:30.416883,140.275,140.191996,140.191996,-0.0
2025-11-16 02:43:30.517128,140.285,140.192041,140.192041,-0.0
2025-11-16 02:43:30.616618,140.285,140.192086,140.192086,-0.0
2025-11-16 02:43:30.717473,140.285,140.192131,140.192131,-0.0
2025-11-16 02:43:30.817144,140.285,140.192177,140.192177,-0.0
2025-11-16 02:43:30.917737,140.285,140.192222,140.192222,-0.0
2025-11-16 02:43:31.117282,140.285,140.192267,140.192267,-0.0
2025-11-16 02:43:31.217273,140.275,140.192307,140.192307,-0.0
2025-11-16 02:43:31.319115,140.275,140.192347,140.192347,-0.0
2025-11-16 02:43:31.516579,140.275,140.192387,140.192387,-0.0
2025-11-16 02:43:31.617006,140.275,140.192427,140.192427,-0.0
2025-11-16 02:43:31.717151,140.275,140.192467,140.192467,-0.0
2025-11-16 02:43:31.816868,140.285,140.192512,140.192512,-0.0
2025-11-16 02:43:31.917091,140.285,140.192557,140.192557,-0.0
2025-11-16 02:43:32.017174,140.285,140.192602,140.192602,-0.0
2025-11-16 02:43:32.119671,140.285,140.192646,140.192646,-0.0
2025-11-16 02:43:32.216793,140.285,140.192691,140.192691,-0.0
2025-11-16 02:43:32.316582,140.285,140.192736,140.192736,-0.0
2025-11-16 02:43:32.716493,140.285,140.19278,140.19278,-0.0
2025-11-16 02:43:32.816693,140.285,140.192825,140.192825,-0.0
2025-11-16 02:43:33.016598,140.285,140.192869,140.192869,-0.0
2025-11-16 02:43:33.117201,140.285,140.192914,140.192914,-0.0
2025-11-16 02:43:33.216764,140.285,140.192958,140.192958,-0.0
2025-11-16 02:43:33.317139,140.285,140.193002,140.193002,-0.0
2025-11-16 02:43:33.416708,140.285,140.193047,140.193047,-0.0
2025-11-16 02:43:33.519800,140.305,140.193101,140.193101,-0.0
2025-11-16 02:43:33.616590,140.305,140.193154,140.193154,-0.0
2025-11-16 02:43:33.916968,140.305,140.193208,140.193208,-0.0
2025-11-16 02:43:34.017177,140.305,140.193262,140.193262,-0.0
2025-11-16 02:43:34.116645,140.305,140.193316,140.193316,-0.0
2025-11-16 02:43:34.217575,140.305,140.193369,140.193369,-0.0
2025-11-16 02:43:34.317495,140.305,140.193423,140.193423,-0.0
2025-11-16 02:43:34.417471,140.305,140.193476,140.193476,-0.0
2025-11-16 02:43:34.616778,140.305,140.19353,140.19353,-0.0
2025-11-16 02:43:34.717112,140.305,140.193583,140.193583,-0.0
2025-11-16 02:43:34.817757,140.305,140.193637,140.193637,-0.0
2025-11-16 02:43:35.017116,140.305,140.19369,140.19369,-0.0
2025-11-16 02:43:35.217651,140.305,140.193743,140.193743,-0.0
2025-11-16 02:43:35.316842,140.335,140.193811,140.193811,-0.0
2025-11-16 02:43:35.418843,140.335,140.193879,140.193879,-0.0
2025-11-16 02:43:35.517254,140.335,140.193946,140.193946,-0.0
2025-11-16 02:43:35.617855,140.335,140.194013,140.194013,-0.0
2025-11-16 02:43:35.717033,140.335,140.194081,140.194081,-0.0
2025-11-16 02:43:35.817715,140.335,140.194148,140.194148,-0.0
2025-11-16 02:43:35.916983,140.335,140.194215,140.194215,-0.0
2025-11-16 02:43:36.017403,140.335,140.194282,140.194282,-0.0
2025-11-16 02:43:36.117034,140.315,140.19434,140.19434,-0.0
2025-11-16 02:43:36.217483,140.315,140.194397,140.194397,-0.0
2025-11-16 02:43:36.316981,140.315,140.194455,140.194455,-0.0
2025-11-16 02:43:36.418646,140.315,140.194512,140.194512,-0.0
2025-11-16 02:43:36.517093,140.305,140.194565,140.194565,-0.0
2025-11-16 02:43:36.618463,140.295,140.194612,140.194612,-0.0
2025-11-16 02:43:36.717176,140.275,140.194651,140.194651,-0.0
2025-11-16 02:43:36.817342,140.275,140.194689,140.194689,-0.0
2025-11-16 02:43:36.916945,140.275,140.194727,140.194727,-0.0
2025-11-16 02:43:37.017203,140.275,140.194765,140.194765,-0.0
2025-11-16 02:43:37.117706,140.275,140.194803,140.194803,-0.0
2025-11-16 02:43:37.217369,140.275,140.194841,140.194841,-0.0
2025-11-16 02:43:37.316838,140.275,140.194879,140.194879,-0.0
2025-11-16 02:43:37.418944,140.275,140.194917,140.194917,-0.0
2025-11-16 02:43:37.516948,140.275,140.194955,140.194955,-0.0
2025-11-16 02:43:37.717588,140.275,140.194993,140.194993,-0.0
2025-11-16 02:43:37.816847,140.275,140.195031,140.195031,-0.0
2025-11-16 02:43:37.916973,140.275,140.195069,140.195069,-0.0
2025-11-16 02:43:38.016959,140.275,140.195106,140.195106,-0.0
2025-11-16 02:43:38.117018,140.275,140.195144,140.195144,-0.0
2025-11-16 02:43:38.219152,140.275,140.195182,140.195182,-0.0
2025-11-16 02:43:38.317810,140.275,140.195219,140.195219,-0.0
2025-11-16 02:43:38.417457,140.275,140.195257,140.195257,-0.0
2025-11-16 02:43:38.517012,140.275,140.195295,140.195295,-0.0
2025-11-16 02:43:39.018496,140.275,140.195332,140.195332,-0.0
2025-11-16 02:43:39.316848,140.275,140.19537,140.19537,-0.0
2025-11-16 02:43:39.419374,140.275,140.195407,140.195407,-0.0
2025-11-16 02:43:39.517521,140.275,140.195445,140.195445,-0.0
2025-11-16 02:43:39.617156,140.275,140.195482,140.195482,-0.0
2025-11-16 02:43:39.717520,140.275,140.19552,140.19552,-0.0
2025-11-16 02:43:39.817211,140.275,140.195557,140.195557,-0.0
2025-11-16 02:43:39.917207,140.275,140.195594,140.195594,-0.0
2025-11-16 02:43:40.017028,140.285,140.195636,140.195636,-0.0
2025-11-16 02:43:40.119193,140.285,140.195678,140.195678,-0.0
2025-11-16 02:43:40.217191,140.285,140.19572,140.19572,-0.0
2025-11-16 02:43:40.416893,140.275,140.195757,140.195757,-0.0
2025-11-16 02:43:40.516840,140.275,140.195794,140.195794,-0.0
2025-11-16 02:43:40.617378,140.275,140.195831,140.195831,-0.0
2025-11-16 02:43:40.716895,140.275,140.195868,140.195868,-0.0
2025-11-16 02:43:40.816953,140.265,140.195901,140.195901,-0.0
2025-11-16 02:43:40.916799,140.265,140.195933,140.195933,-0.0
2025-11-16 02:43:41.117577,140.265,140.195965,140.195965,-0.0
2025-11-16 02:43:41.319230,140.265,140.195998,140.195998,-0.0
2025-11-16 02:43:41.417068,140.255,140.196025,140.196025,-0.0
2025-11-16 02:43:41.517097,140.255,140.196053,140.196053,-0.0
2025-11-16 02:43:41.717285,140.255,140.19608,140.19608,-0.0
2025-11-16 02:43:41.815617,140.255,140.196108,140.196108,-0.0
2025-11-16 02:43:41.916835,140.235,140.196126,140.196126,-0.0
2025-11-16 02:43:42.016057,140.225,140.196139,140.196139,-0.0
2025-11-16 02:43:42.116899,140.225,140.196153,140.196153,-0.0
2025-11-16 02:43:42.217226,140.225,140.196166,140.196166,-0.0
2025-11-16 02:43:42.319849,140.225,140.19618,140.19618,-0.0
2025-11-16 02:43:42.417239,140.225,140.196193,140.196193,-0.0
2025-11-16 02:43:42.517066,140.225,140.196206,140.196206,-0.0
2025-11-16 02:43:42.617065,140.225,140.19622,140.19622,-0.0
2025-11-16 02:43:42.717706,140.225,140.196233,140.196233,-0.0
2025-11-16 02:43:42.817448,140.225,140.196247,140.196247,-0.0
2025-11-16 02:43:43.017279,140.235,140.196265,140.196265,-0.0
2025-11-16 02:43:43.116699,140.235,140.196282,140.196282,-0.0
2025-11-16 02:43:43.219181,140.235,140.1963,140.1963,-0.0
2025-11-16 02:43:43.317270,140.235,140.196318,140.196318,-0.0
2025-11-16 02:43:43.416832,140.235,140.196336,140.196336,-0.0
2025-11-16 02:43:43.816945,140.245,140.196359,140.196359,-0.0
2025-11-16 02:43:43.917243,140.275,140.196395,140.196395,-0.0
2025-11-16 02:43:44.016658,140.275,140.196432,140.196432,-0.0
2025-11-16 02:43:44.117680,140.275,140.196468,140.196468,-0.0
2025-11-16 02:43:44.217198,140.275,140.196504,140.196504,-0.0
2025-11-16 02:43:44.417078,140.265,140.196536,140.196536,-0.0
2025-11-16 02:43:44.516188,140.255,140.196563,140.196563,-0.0
2025-11-16 02:43:44.617352,140.255,140.19659,140.19659,-0.0
2025-11-16 02:43:44.716888,140.255,140.196617,140.196617,-0.0
2025-11-16 02:43:44.817184,140.255,140.196644,140.196644,-0.0
2025-11-16 02:43:44.918367,140.255,140.196671,140.196671,-0.0
2025-11-16 02:43:45.017603,140.255,140.196697,140.196697,-0.0
2025-11-16 02:43:45.117652,140.255,140.196724,140.196724,-0.0
2025-11-16 02:43:45.317845,140.255,140.196751,140.196751,-0.0
2025-11-16 02:43:45.418560,140.255,140.196778,140.196778,-0.0
2025-11-16 02:43:45.516658,140.255,140.196805,140.196805,-0.0
2025-11-16 02:43:45.617138,140.285,140.196845,140.196845,-0.0
2025-11-16 02:43:45.717176,140.285,140.196886,140.196886,-0.0
2025-11-16 02:43:45.916633,140.285,140.196926,140.196926,-0.0
2025-11-16 02:43:46.017006,140.285,140.196966,140.196966,-0.0
2025-11-16 02:43:46.118938,140.285,140.197007,140.197007,-0.0
2025-11-16 02:43:46.217191,140.285,140.197047,140.197047,-0.0
2025-11-16 02:43:46.316853,140.285,140.197088,140.197088,-0.0
2025-11-16 02:43:46.417281,140.285,140.197128,140.197128,-0.0
2025-11-16 02:43:46.517547,140.285,140.197168,140.197168,-0.0
2025-11-16 02:43:46.616968,140.295,140.197213,140.197213,-0.0
2025-11-16 02:43:46.716840,140.305,140.197262,140.197262,-0.0
2025-11-16 02:43:46.816852,140.305,140.197311,140.197311,-0.0
2025-11-16 02:43:47.016589,140.305,140.197361,140.197361,-0.0
2025-11-16 02:43:47.117415,140.305,140.19741,140.19741,-0.0
2025-11-16 02:43:47.217292,140.305,140.197459,140.197459,-0.0
2025-11-16 02:43:47.319329,140.305,140.197508,140.197508,-0.0
2025-11-16 02:43:47.417356,140.305,140.197557,140.197557,-0.0
2025-11-16 02:43:47.516746,140.305,140.197606,140.197606,-0.0
2025-11-16 02:43:47.716680,140.305,140.197655,140.197655,-0.0
2025-11-16 02:43:47.916768,140.305,140.197704,140.197704,-0.0
2025-11-16 02:43:48.018757,140.305,140.197753,140.197753,-0.0
2025-11-16 02:43:48.117260,140.305,140.197802,140.197802,-0.0
2025-11-16 02:43:48.220826,140.305,140.19785,140.19785,-0.0
2025-11-16 02:43:48.317136,140.305,140.197899,140.197899,-0.0
2025-11-16 02:43:48.717303,140.305,140.197948,140.197948,-0.0
2025-11-16 02:43:48.816826,140.305,140.197996,140.197996,-0.0
2025-11-16 02:43:48.917634,140.305,140.198045,140.198045,-0.0
2025-11-16 02:43:49.117605,140.305,140.198094,140.198094,-0.0
2025-11-16 02:43:49.217419,140.305,140.198142,140.198142,-0.0
2025-11-16 02:43:49.317091,140.305,140.19819,140.19819,-0.0
2025-11-16 02:43:49.416437,140.285,140.19823,140.19823,-0.0
2025-11-16 02:43:49.517460,140.285,140.198269,140.198269,-0.0
2025-11-16 02:43:49.617076,140.285,140.198308,140.198308,-0.0
2025-11-16 02:43:49.717873,140.285,140.198348,140.198348,-0.0
2025-11-16 02:43:49.817138,140.295,140.198391,140.198391,-0.0
2025-11-16 02:43:49.917540,140.295,140.198435,140.198435,-0.0
2025-11-16 02:43:50.019137,140.295,140.198479,140.198479,-0.0
2025-11-16 02:43:50.117262,140.295,140.198522,140.198522,-0.0
2025-11-16 02:43:50.217078,140.295,140.198566,140.198566,-0.0
2025-11-16 02:43:50.317144,140.295,140.198609,140.198609,-0.0
2025-11-16 02:43:50.417040,140.295,140.198653,140.198653,-0.0
2025-11-16 02:43:50.717458,140.295,140.198696,140.198696,-0.0
2025-11-16 02:43:50.816990,140.295,140.19874,140.19874,-0.0
2025-11-16 02:43:50.917110,140.295,140.198783,140.198783,-0.0
2025-11-16 02:43:51.017059,140.295,140.198827,140.198827,-0.0
2025-11-16 02:43:51.117956,140.295,140.19887,140.19887,-0.0
2025-11-16 02:43:51.217751,140.295,140.198913,140.198913,-0.0
2025-11-16 02:43:51.319627,140.295,140.198956,140.198956,-0.0
2025-11-16 02:43:51.519347,140.295,140.199,140.199,-0.0
2025-11-16 02:43:51.617052,140.295,140.199043,140.199043,-0.0
2025-11-16 02:43:51.717022,140.295,140.199086,140.199086,-0.0
2025-11-16 02:43:51.817008,140.295,140.199129,140.199129,-0.0
2025-11-16 02:43:51.920017,140.295,140.199172,140.199172,-0.0
2025-11-16 02:43:52.017152,140.295,140.199215,140.199215,-0.0
2025-11-16 02:43:52.217774,140.295,140.199258,140.199258,-0.0
2025-11-16 02:43:52.317924,140.295,140.199301,140.199301,-0.0
2025-11-16 02:43:52.417576,140.295,140.199344,140.199344,-0.0
2025-11-16 02:43:52.516914,140.295,140.199386,140.199386,-0.0
2025-11-16 02:43:52.719267,140.295,140.199429,140.199429,-0.0
2025-11-16 02:43:52.817476,140.295,140.199472,140.199472,-0.0
2025-11-16 02:43:52.917783,140.295,140.199515,140.199515,-0.0
2025-11-16 02:43:53.016747,140.305,140.199562,140.199562,-0.0
2025-11-16 02:43:53.117262,140.305,140.199609,140.199609,-0.0
2025-11-16 02:43:53.218057,140.295,140.199652,140.199652,-0.0
2025-11-16 02:43:53.317104,140.295,140.199694,140.199694,-0.0
2025-11-16 02:43:53.418099,140.295,140.199737,140.199737,-0.0
2025-11-16 02:43:53.518811,140.295,140.199779,140.199779,-0.0
2025-11-16 02:43:53.618064,140.295,140.199822,140.199822,-0.0
2025-11-16 02:43:53.918199,140.295,140.199864,140.199864,-0.0
2025-11-16 02:43:54.017324,140.295,140.199906,140.199906,-0.0
2025-11-16 02:43:54.117457,140.295,140.199949,140.199949,-0.0
2025-11-16 02:43:54.316993,140.295,140.199991,140.199991,-0.0
2025-11-16 02:43:54.417312,140.295,140.200033,140.200033,-0.0
2025-11-16 02:43:54.517492,140.295,140.200076,140.200076,-0.0
2025-11-16 02:43:54.616657,140.295,140.200118,140.200118,-0.0
2025-11-16 02:43:54.717501,140.295,140.20016,140.20016,-0.0
2025-11-16 02:43:54.917651,140.305,140.200206,140.200206,-0.0
2025-11-16 02:43:55.016696,140.305,140.200253,140.200253,-0.0
